{
  "displayName": "API_Request_Latency",
  "gridLayout": {
    "columns": "3",
    "widgets": [
      {
        "title": "GCP-API's Request latency details",
        "xyChart": {
          "dataSets": [
            {
              "timeSeriesQuery": {
                "timeSeriesFilter": {
                  "filter": "resource.type=\"consumed_api\" AND metric.type=\"serviceruntime.googleapis.com/api/request_latencies\"",
                  "aggregation": {
                    "perSeriesAligner": "ALIGN_PERCENTILE_99",
                    "crossSeriesReducer": "REDUCE_PERCENTILE_99",
                    "groupByFields": [
                      "resource.labels.service"
                    ]
                  }
                },
                "unitOverride": "1"
              },
              "plotType": "LINE"
            }
          ],
          "timeshiftDuration": "0s"
        }
      },
     {
        "title": "NOC API  Latency ",
        "xyChart": {
          "dataSets": [
            {
              "timeSeriesQuery": {
                "timeSeriesFilter": {
                  "filter": "resource.type=\"https_lb_rule\" AND metric.type=\"loadbalancing.googleapis.com/https/backend_latencies\"",
                  "aggregation": {
                    "perSeriesAligner": "ALIGN_PERCENTILE_99",
                    "crossSeriesReducer": "REDUCE_PERCENTILE_99",
                    "groupByFields": [
                      "resource.labels.url_map_name", "resource.labels.matched_url_path_rule", "resource.labels.backend_name"
                    ]
                  }
                },
                "unitOverride": "1"
              },
              "plotType": "LINE"
            }
          ],
          "timeshiftDuration": "0s"
        }
      },
      {
        "title": "NOC Root-Path-API Latency ",
        "xyChart": {
          "dataSets": [
            {
              "timeSeriesQuery": {
                "timeSeriesFilter": {
                  "filter": "resource.type=\"https_lb_rule\" AND metric.type=\"loadbalancing.googleapis.com/https/backend_latencies\" AND resource.labels.matched_url_path_rule=\"/\"",
                  "aggregation": {
                    "perSeriesAligner": "ALIGN_PERCENTILE_99",
                    "crossSeriesReducer": "REDUCE_PERCENTILE_99",
                    "groupByFields": [
                      "resource.labels.backend_name"
                    ]
                  }
                },
                "unitOverride": "1"
              },
              "plotType": "LINE"
            }
          ],
          "timeshiftDuration": "0s"
        }
      },
      {
        "title": "NOC Analytics-API Latency ",
        "xyChart": {
          "dataSets": [
            {
              "timeSeriesQuery": {
                "timeSeriesFilter": {
                  "filter": "resource.type=\"https_lb_rule\" AND metric.type=\"loadbalancing.googleapis.com/https/backend_latencies\" AND resource.labels.matched_url_path_rule=\"/analytics/\"",
                  "aggregation": {
                    "perSeriesAligner": "ALIGN_PERCENTILE_99",
                    "crossSeriesReducer": "REDUCE_PERCENTILE_99",
                    "groupByFields": [
                      "resource.labels.backend_name"
                    ]
                  }
                },
                "unitOverride": "1"
              },
              "plotType": "LINE"
            }
          ],
          "timeshiftDuration": "0s"
        }
       },
      {
        "title": "NOC Asset_explorer-API Latency ",
        "xyChart": {
          "dataSets": [
            {
              "timeSeriesQuery": {
                "timeSeriesFilter": {
                  "filter": "resource.type=\"https_lb_rule\" AND metric.type=\"loadbalancing.googleapis.com/https/backend_latencies\" AND resource.labels.matched_url_path_rule=\"/asset_explorer/\"",
                  "aggregation": {
                    "perSeriesAligner": "ALIGN_PERCENTILE_99",
                    "crossSeriesReducer": "REDUCE_PERCENTILE_99",
                    "groupByFields": [
                      "resource.labels.backend_name"
                    ]
                  }
                },
                "unitOverride": "1"
              },
              "plotType": "LINE"
            }
          ],
          "timeshiftDuration": "0s"
        }
      },
      {
        "title": "NOC Asset_selector-API Latency ",
        "xyChart": {
          "dataSets": [
            {
              "timeSeriesQuery": {
                "timeSeriesFilter": {
                  "filter": "resource.type=\"https_lb_rule\" AND metric.type=\"loadbalancing.googleapis.com/https/backend_latencies\" AND resource.labels.matched_url_path_rule=\"/asset_selector/\"",
                  "aggregation": {
                    "perSeriesAligner": "ALIGN_PERCENTILE_99",
                    "crossSeriesReducer": "REDUCE_PERCENTILE_99",
                    "groupByFields": [
                      "resource.labels.backend_name"
                    ]
                  }
                },
                "unitOverride": "1"
              },
              "plotType": "LINE"
            }
          ],
          "timeshiftDuration": "0s"
        }
      },
      {
        "title": "NOC Logging-API Latency ",
        "xyChart": {
          "dataSets": [
            {
              "timeSeriesQuery": {
                "timeSeriesFilter": {
                  "filter": "resource.type=\"https_lb_rule\" AND metric.type=\"loadbalancing.googleapis.com/https/backend_latencies\" AND resource.labels.matched_url_path_rule=\"/logging/\"",
                  "aggregation": {
                    "perSeriesAligner": "ALIGN_PERCENTILE_99",
                    "crossSeriesReducer": "REDUCE_PERCENTILE_99",
                    "groupByFields": [
                      "resource.labels.backend_name"
                    ]
                  }
                },
                "unitOverride": "1"
              },
              "plotType": "LINE"
            }
          ],
          "timeshiftDuration": "0s"
        }
      },
      {
        "title": "NOC Login_data-API Latency ",
        "xyChart": {
          "dataSets": [
            {
              "timeSeriesQuery": {
                "timeSeriesFilter": {
                  "filter": "resource.type=\"https_lb_rule\" AND metric.type=\"loadbalancing.googleapis.com/https/backend_latencies\" AND resource.labels.matched_url_path_rule=\"/login_data/\"",
                  "aggregation": {
                    "perSeriesAligner": "ALIGN_PERCENTILE_99",
                    "crossSeriesReducer": "REDUCE_PERCENTILE_99",
                    "groupByFields": [
                      "resource.labels.backend_name"
                    ]
                  }
                },
                "unitOverride": "1"
              },
              "plotType": "LINE"
            }
          ],
          "timeshiftDuration": "0s"
        }
      },
      {
        "title": "NOC Looker-API Latency ",
        "xyChart": {
          "dataSets": [
            {
              "timeSeriesQuery": {
                "timeSeriesFilter": {
                  "filter": "resource.type=\"https_lb_rule\" AND metric.type=\"loadbalancing.googleapis.com/https/backend_latencies\" AND resource.labels.matched_url_path_rule=\"/looker/\"",
                  "aggregation": {
                    "perSeriesAligner": "ALIGN_PERCENTILE_99",
                    "crossSeriesReducer": "REDUCE_PERCENTILE_99",
                    "groupByFields": [
                      "resource.labels.backend_name"
                    ]
                  }
                },
                "unitOverride": "1"
              },
              "plotType": "LINE"
            }
          ],
          "timeshiftDuration": "0s"
        }
      },
      {
        "title": "NOC Notification-API Latency ",
        "xyChart": {
          "dataSets": [
            {
              "timeSeriesQuery": {
                "timeSeriesFilter": {
                  "filter": "resource.type=\"https_lb_rule\" AND metric.type=\"loadbalancing.googleapis.com/https/backend_latencies\" AND resource.labels.matched_url_path_rule=\"/notification/\"",
                  "aggregation": {
                    "perSeriesAligner": "ALIGN_PERCENTILE_99",
                    "crossSeriesReducer": "REDUCE_PERCENTILE_99",
                    "groupByFields": [
                      "resource.labels.backend_name"
                    ]
                  }
                },
                "unitOverride": "1"
              },
              "plotType": "LINE"
            }
          ],
          "timeshiftDuration": "0s"
        }
      },
      {
        "title": "NOC Plant_onboarding-API Latency ",
        "xyChart": {
          "dataSets": [
            {
              "timeSeriesQuery": {
                "timeSeriesFilter": {
                  "filter": "resource.type=\"https_lb_rule\" AND metric.type=\"loadbalancing.googleapis.com/https/backend_latencies\" AND resource.labels.matched_url_path_rule=\"/plant_onboarding/\"",
                  "aggregation": {
                    "perSeriesAligner": "ALIGN_PERCENTILE_99",
                    "crossSeriesReducer": "REDUCE_PERCENTILE_99",
                    "groupByFields": [
                      "resource.labels.backend_name"
                    ]
                  }
                },
                "unitOverride": "1"
              },
              "plotType": "LINE"
            }
          ],
          "timeshiftDuration": "0s"
        }
      },
      {
        "title": "NOC Ticket-API Latency ",
        "xyChart": {
          "dataSets": [
            {
              "timeSeriesQuery": {
                "timeSeriesFilter": {
                  "filter": "resource.type=\"https_lb_rule\" AND metric.type=\"loadbalancing.googleapis.com/https/backend_latencies\" AND resource.labels.matched_url_path_rule=\"/ticket/\"",
                  "aggregation": {
                    "perSeriesAligner": "ALIGN_PERCENTILE_99",
                    "crossSeriesReducer": "REDUCE_PERCENTILE_99",
                    "groupByFields": [
                      "resource.labels.backend_name"
                    ]
                  }
                },
                "unitOverride": "1"
              },
              "plotType": "LINE"
            }
          ],
          "timeshiftDuration": "0s"
        }
      },
      {
        "title": "NOC User_favourite-API Latency ",
        "xyChart": {
          "dataSets": [
            {
              "timeSeriesQuery": {
                "timeSeriesFilter": {
                  "filter": "resource.type=\"https_lb_rule\" AND metric.type=\"loadbalancing.googleapis.com/https/backend_latencies\" AND resource.labels.matched_url_path_rule=\"/user_favourite/\"",
                  "aggregation": {
                    "perSeriesAligner": "ALIGN_PERCENTILE_99",
                    "crossSeriesReducer": "REDUCE_PERCENTILE_99",
                    "groupByFields": [
                      "resource.labels.backend_name"
                    ]
                  }
                },
                "unitOverride": "1"
              },
              "plotType": "LINE"
            }
          ],
          "timeshiftDuration": "0s"
        }
      },
      {
        "title": "NOC User-management-API Latency ",
        "xyChart": {
          "dataSets": [
            {
              "timeSeriesQuery": {
                "timeSeriesFilter": {
                  "filter": "resource.type=\"https_lb_rule\" AND metric.type=\"loadbalancing.googleapis.com/https/backend_latencies\" AND resource.labels.matched_url_path_rule=\"/user-management/\"",
                  "aggregation": {
                    "perSeriesAligner": "ALIGN_PERCENTILE_99",
                    "crossSeriesReducer": "REDUCE_PERCENTILE_99",
                    "groupByFields": [
                      "resource.labels.backend_name"
                    ]
                  }
                },
                "unitOverride": "1"
              },
              "plotType": "LINE"
            }
          ],
          "timeshiftDuration": "0s"
        }
      }
    ]
  }
}
