{
  "displayName": "NOC_Frontend",
  "gridLayout": {
    "columns": "3",
    "widgets": [
      {
        "title": "HTTP/S lb Frontend tcp RTT",
        "xyChart": {
          "dataSets": [
            {
              "timeSeriesQuery": {
                "timeSeriesFilter": {
                  "filter": "resource.type=\"https_lb_rule\" AND metric.type=\"loadbalancing.googleapis.com/https/frontend_tcp_rtt\"",
                  "aggregation": {
                    "perSeriesAligner": "ALIGN_SUM",
                    "crossSeriesReducer": "REDUCE_MEAN",
                    "groupByFields": [
                      "resource.label.target_proxy_name"
                    ]
                  }
                },
                "unitOverride": "1"
              },
              "plotType": "LINE"
            }
          ],
          "timeshiftDuration": "0s"
        }
      },
      {
        "title": "HTTPS LB Request bytes ",
        "xyChart": {
          "dataSets": [
            {
              "timeSeriesQuery": {
                "timeSeriesFilter": {
                  "filter": "resource.type=\"https_lb_rule\" AND metric.type=\"loadbalancing.googleapis.com/https/request_bytes_count\"",
                  "aggregation": {
                    "perSeriesAligner": "ALIGN_COUNT",
                    "crossSeriesReducer": "REDUCE_MEAN",
                    "groupByFields": [
                      "metric.labels.response_code"
                    ]
                  }
                },
                "unitOverride": "1"
              },
              "plotType": "LINE"
            }
          ],
          "timeshiftDuration": "0s"
        }
      },
      {
        "title": "HTTPS LB Request Count ",
        "xyChart": {
          "dataSets": [
            {
              "timeSeriesQuery": {
                "timeSeriesFilter": {
                  "filter": "resource.type=\"https_lb_rule\" AND metric.type=\"loadbalancing.googleapis.com/https/request_count\"",
                  "aggregation": {
                    "perSeriesAligner": "ALIGN_COUNT",
                    "crossSeriesReducer": "REDUCE_MEAN",
                    "groupByFields": [
                      "metric.labels.response_code"
                    ]
                  }
                },
                "unitOverride": "1"
              },
              "plotType": "LINE"
            }
          ],
          "timeshiftDuration": "0s"
        }
      },
     {
        "title": "HTTPS LB Response bytes Count ",
        "xyChart": {
          "dataSets": [
            {
              "timeSeriesQuery": {
                "timeSeriesFilter": {
                  "filter": "resource.type=\"https_lb_rule\" AND metric.type=\"loadbalancing.googleapis.com/https/response_bytes_count\"",
                  "aggregation": {
                    "perSeriesAligner": "ALIGN_COUNT",
                    "crossSeriesReducer": "REDUCE_MEAN",
                    "groupByFields": [
                      "metric.labels.response_code"
                    ]
                  }
                },
                "unitOverride": "1"
              },
              "plotType": "LINE"
            }
          ],
          "timeshiftDuration": "0s"
        }
      },
     {
        "title": "HTTPS LB Total Latencies ",
        "xyChart": {
          "dataSets": [
            {
              "timeSeriesQuery": {
                "timeSeriesFilter": {
                  "filter": "resource.type=\"https_lb_rule\" AND metric.type=\"loadbalancing.googleapis.com/https/total_latencies\"",
                  "aggregation": {
                    "perSeriesAligner": "ALIGN_SUM",
                    "crossSeriesReducer": "REDUCE_MEAN",
                    "groupByFields": [
                      "metric.labels.protocol"
                    ]
                  }
                },
                "unitOverride": "1"
              },
              "plotType": "LINE"
            }
          ],
          "timeshiftDuration": "0s"
        }
      },
     {
        "title": "Latency of DNS Servers",
        "xyChart": {
          "dataSets": [
            {
              "timeSeriesQuery": {
                "timeSeriesFilter": {
                  "filter": "resource.type=\"dns_query\" AND metric.type=\"dns.googleapis.com/query/latencies\"",
                  "aggregation": {
                    "perSeriesAligner": "ALIGN_SUM",
                    "crossSeriesReducer": "REDUCE_MEAN",
                    "groupByFields": [
                      "metric.labels.location"
                    ]
                  }
                },
                "unitOverride": "1"
              },
              "plotType": "LINE"
            }
          ],
          "timeshiftDuration": "0s"
        }
      },
     {
        "title": "DNS response counts",
        "xyChart": {
          "dataSets": [
            {
              "timeSeriesQuery": {
                "timeSeriesFilter": {
                  "filter": "resource.type=\"dns_query\" AND metric.type=\"dns.googleapis.com/query/response_count\"",
                  "aggregation": {
                    "perSeriesAligner": "ALIGN_COUNT",
                    "crossSeriesReducer": "REDUCE_MEAN",
                    "groupByFields": [
                      "metric.labels.location"
                    ]
                  }
                },
                "unitOverride": "1"
              },
              "plotType": "LINE"
            }
          ],
          "timeshiftDuration": "0s"
        }
      },
      {
        "title": "GKE Container restart count",
        "xyChart": {
          "dataSets": [
            {
              "timeSeriesQuery": {
                "timeSeriesFilter": {
                  "filter": "resource.type=\"k8s_container\" AND metric.type=\"kubernetes.io/container/restart_count\"",
                  "aggregation": {
                    "perSeriesAligner": "ALIGN_RATE",
                    "crossSeriesReducer": "REDUCE_MEAN",
                    "groupByFields": [
                      "resource.label.container_name"
                    ]
                  }
                },
                "unitOverride": "1"
              },
              "plotType": "LINE"
            }
          ],
          "timeshiftDuration": "0s"
        }
      },
     {
        "title": "K8S_Container time in seconds for container been running",
        "xyChart": {
          "dataSets": [
            {
              "timeSeriesQuery": {
                "timeSeriesFilter": {
                  "filter": "resource.type=\"k8s_container\" AND metric.type=\"kubernetes.io/container/uptime\"",
                  "aggregation": {
                    "perSeriesAligner": "ALIGN_MEAN",
                    "crossSeriesReducer": "REDUCE_MEAN",
                    "groupByFields": [
                      "resource.label.container_name"
                    ]
                  }
                },
                "unitOverride": "1"
              },
              "plotType": "LINE"
            }
          ],
          "timeshiftDuration": "0s"
        }
      },
     {
        "title": "K8S_node Bytes received",
        "xyChart": {
          "dataSets": [
            {
              "timeSeriesQuery": {
                "timeSeriesFilter": {
                  "filter": "resource.type=\"k8s_node\" AND metric.type=\"kubernetes.io/node/network/received_bytes_count\"",
                  "aggregation": {
                    "perSeriesAligner": "ALIGN_RATE",
                    "crossSeriesReducer": "REDUCE_MEAN",
                    "groupByFields": [
                      "resource.label.node_name"
                    ]
                  }
                },
                "unitOverride": "1"
                },
                "plotType": "LINE"
            }
          ],
          "timeshiftDuration": "0s"
        }
      },
     {
        "title": "K8S_node Bytes transmitted",
        "xyChart": {
          "dataSets": [
            {
              "timeSeriesQuery": {
                "timeSeriesFilter": {
                  "filter": "resource.type=\"k8s_node\" AND metric.type=\"kubernetes.io/node/network/sent_bytes_count\"",
                  "aggregation": {
                    "perSeriesAligner": "ALIGN_RATE",
                    "crossSeriesReducer": "REDUCE_MEAN",
                    "groupByFields": [
                      "resource.label.node_name"
                    ]
                  }
                },
                "unitOverride": "1"
                },
                "plotType": "LINE"
            }
          ],
          "timeshiftDuration": "0s"
        }
      },
     {
        "title": "vpn_gateway number of HA connections per VPN gateway",
        "xyChart": {
          "dataSets": [
            {
              "timeSeriesQuery": {
                "timeSeriesFilter": {
                  "filter": "resource.type=\"vpn_gateway\" AND metric.type=\"vpn.googleapis.com/gateway/connections\"",
                  "aggregation": {
                    "perSeriesAligner": "ALIGN_COUNT",
                    "crossSeriesReducer": "REDUCE_SUM",
                    "groupByFields": [
                      "metric.labels.gateway_id"
                    ]
                  }
                },
                "unitOverride": "1"
                },
                "plotType": "LINE"
            }
          ],
          "timeshiftDuration": "0s"
        }
      },
     {
        "title": "vpn_gateway Ingress (received from peer VPN) packets dropped for tunnel",
        "xyChart": {
          "dataSets": [
            {
              "timeSeriesQuery": {
                "timeSeriesFilter": {
                  "filter": "resource.type=\"vpn_gateway\" AND metric.type=\"vpn.googleapis.com/network/dropped_received_packets_count\"",
                  "aggregation": {
                    "perSeriesAligner": "ALIGN_RATE",
                    "crossSeriesReducer": "REDUCE_SUM",
                    "groupByFields": [
                      "metric.labels.gateway_id"
                    ]
                  }
                },
                "unitOverride": "1"
                },
                "plotType": "LINE"
            }
          ],
          "timeshiftDuration": "0s"
        }
      },
     {
        "title": "vpn_gateway Egress (directed to peer VPN) packets dropped for tunnel",
        "xyChart": {
          "dataSets": [
            {
              "timeSeriesQuery": {
                "timeSeriesFilter": {
                  "filter": "resource.type=\"vpn_gateway\" AND metric.type=\"vpn.googleapis.com/network/dropped_sent_packets_count\"",
                  "aggregation": {
                    "perSeriesAligner": "ALIGN_RATE",
                    "crossSeriesReducer": "REDUCE_SUM",
                    "groupByFields": [
                      "metric.labels.gateway_id"
                    ]
                  }
                },
                "unitOverride": "1"
                },
                "plotType": "LINE"
            }
          ],
          "timeshiftDuration": "0s"
        }
      },
     {
        "title": "vpn_gateway Ingress (received from peer VPN) bytes for tunnel",
        "xyChart": {
          "dataSets": [
            {
              "timeSeriesQuery": {
                "timeSeriesFilter": {
                  "filter": "resource.type=\"vpn_gateway\" AND metric.type=\"vpn.googleapis.com/network/received_bytes_count\"",
                  "aggregation": {
                    "perSeriesAligner": "ALIGN_RATE",
                    "crossSeriesReducer": "REDUCE_SUM",
                    "groupByFields": [
                      "metric.labels.gateway_id"
                    ]
                  }
                },
                "unitOverride": "1"
                },
                "plotType": "LINE"
            }
          ],
          "timeshiftDuration": "0s"
        }
      }
    ]
  }
}
