{
  "displayName": "NOC_Infra",
  "gridLayout": {
    "columns": "3",
    "widgets": [
      {
        "title": "K8S_Container requested cpu cores",
        "xyChart": {
          "dataSets": [
            {
              "timeSeriesQuery": {
                "timeSeriesFilter": {
                  "filter": "resource.type=\"k8s_container\" AND metric.type=\"kubernetes.io/container/cpu/request_cores\"",
                  "aggregation": {
                    "perSeriesAligner": "ALIGN_COUNT",
                    "crossSeriesReducer": "REDUCE_SUM",
                    "groupByFields": [
                      "resource.label.container_name"
                    ]
                  }
                },
                "unitOverride": "1"
              },
              "plotType": "LINE"
            }
          ],
          "timeshiftDuration": "0s"
        }
      },
     {
        "title": "K8S_Container memory limit",
        "xyChart": {
          "dataSets": [
            {
              "timeSeriesQuery": {
                "timeSeriesFilter": {
                  "filter": "resource.type=\"k8s_container\" AND metric.type=\"kubernetes.io/container/memory/limit_bytes\"",
                  "aggregation": {
                    "perSeriesAligner": "ALIGN_COUNT",
                    "crossSeriesReducer": "REDUCE_SUM",
                    "groupByFields": [
                      "resource.label.container_name"
                    ]
                  }
                },
                "unitOverride": "1"
              },
              "plotType": "LINE"
            }
          ],
          "timeshiftDuration": "0s"
        }
      },
     {
        "title": "K8S_node allocatable cores",
        "xyChart": {
          "dataSets": [
            {
              "timeSeriesQuery": {
                "timeSeriesFilter": {
                  "filter": "resource.type=\"k8s_node\" AND metric.type=\"kubernetes.io/node/cpu/allocatable_cores\"",
                  "aggregation": {
                    "perSeriesAligner": "ALIGN_COUNT",
                    "crossSeriesReducer": "REDUCE_SUM",
                    "groupByFields": [
                      "resource.label.node_name"
                    ]
                  }
                },
                "unitOverride": "1"
              },
              "plotType": "LINE"
            }
          ],
          "timeshiftDuration": "0s"
        }
      },
     {
        "title": "K8S_node total cores",
        "xyChart": {
          "dataSets": [
            {
              "timeSeriesQuery": {
                "timeSeriesFilter": {
                  "filter": "resource.type=\"k8s_node\" AND metric.type=\"kubernetes.io/node/cpu/total_cores\"",
                  "aggregation": {
                    "perSeriesAligner": "ALIGN_COUNT",
                    "crossSeriesReducer": "REDUCE_SUM",
                    "groupByFields": [
                      "resource.label.node_name"
                    ]
                  }
                },
                "unitOverride": "1"
              },
              "plotType": "LINE"
            }
          ],
          "timeshiftDuration": "0s"
        }
      },
     {
        "title": "K8S_node allocatable ephemeral storage",
        "xyChart": {
          "dataSets": [
            {
              "timeSeriesQuery": {
                "timeSeriesFilter": {
                  "filter": "resource.type=\"k8s_node\" AND metric.type=\"kubernetes.io/node/ephemeral_storage/allocatable_bytes\"",
                  "aggregation": {
                    "perSeriesAligner": "ALIGN_COUNT",
                    "crossSeriesReducer": "REDUCE_SUM",
                    "groupByFields": [
                      "resource.label.node_name"
                    ]
                  }
                },
                "unitOverride": "1"
              },
              "plotType": "LINE"
            }
          ],
          "timeshiftDuration": "0s"
        }
      },
     {
        "title": "K8S_node free inodes on local ephemeral storage",
        "xyChart": {
          "dataSets": [
            {
              "timeSeriesQuery": {
                "timeSeriesFilter": {
                  "filter": "resource.type=\"k8s_node\" AND metric.type=\"kubernetes.io/node/ephemeral_storage/inodes_free\"",
                  "aggregation": {
                    "perSeriesAligner": "ALIGN_COUNT",
                    "crossSeriesReducer": "REDUCE_SUM",
                    "groupByFields": [
                      "resource.label.node_name"
                    ]
                  }
                },
                "unitOverride": "1"
                },
              "plotType": "LINE"
            }
          ],
          "timeshiftDuration": "0s"
        }
      },
     {
        "title": "K8S_node total inodes on local ephemeral storage",
        "xyChart": {
          "dataSets": [
            {
              "timeSeriesQuery": {
                "timeSeriesFilter": {
                  "filter": "resource.type=\"k8s_node\" AND metric.type=\"kubernetes.io/node/ephemeral_storage/inodes_total\"",
                  "aggregation": {
                    "perSeriesAligner": "ALIGN_COUNT",
                    "crossSeriesReducer": "REDUCE_SUM",
                    "groupByFields": [
                      "resource.label.node_name"
                    ]
                  }
                },
                "unitOverride": "1"
              },
              "plotType": "LINE"
            }
          ],
          "timeshiftDuration": "0s"
        }
      },
     {
        "title": "K8S_node Total ephemeral storage bytes on the node",
        "xyChart": {
          "dataSets": [
            {
              "timeSeriesQuery": {
                "timeSeriesFilter": {
                  "filter": "resource.type=\"k8s_node\" AND metric.type=\"kubernetes.io/node/ephemeral_storage/total_bytes\"",
                  "aggregation": {
                    "perSeriesAligner": "ALIGN_COUNT",
                    "crossSeriesReducer": "REDUCE_SUM",
                    "groupByFields": [
                      "resource.label.node_name"
                    ]
                  }
                },
                "unitOverride": "1"
                },
                "plotType": "LINE"
            }
          ],
          "timeshiftDuration": "0s"
        }
      },
     {
        "title": "K8S_node Ephemeral storage usage",
        "xyChart": {
          "dataSets": [
            {
              "timeSeriesQuery": {
                "timeSeriesFilter": {
                  "filter": "resource.type=\"k8s_node\" AND metric.type=\"kubernetes.io/node/ephemeral_storage/used_bytes\"",
                  "aggregation": {
                    "perSeriesAligner": "ALIGN_MEAN",
                    "crossSeriesReducer": "REDUCE_MEAN",
                    "groupByFields": [
                      "resource.label.node_name"
                    ]
                  }
                },
                "unitOverride": "1"
                },
                "plotType": "LINE"
            }
          ],
          "timeshiftDuration": "0s"
        }
      },
     {
        "title": "K8S_node Allocatable memory",
        "xyChart": {
          "dataSets": [
            {
              "timeSeriesQuery": {
                "timeSeriesFilter": {
                  "filter": "resource.type=\"k8s_node\" AND metric.type=\"kubernetes.io/node/memory/allocatable_bytes\"",
                  "aggregation": {
                    "perSeriesAligner": "ALIGN_MEAN",
                    "crossSeriesReducer": "REDUCE_MEAN",
                    "groupByFields": [
                      "resource.label.node_name"
                    ]
                  }
                },
                "unitOverride": "1"
                },
                "plotType": "LINE"
            }
          ],
          "timeshiftDuration": "0s"
        }
      },
     {
        "title": "K8S_node Memory allocatable utilization",
        "xyChart": {
          "dataSets": [
            {
              "timeSeriesQuery": {
                "timeSeriesFilter": {
                  "filter": "resource.type=\"k8s_node\" AND metric.type=\"kubernetes.io/node/memory/allocatable_utilization\"",
                  "aggregation": {
                    "perSeriesAligner": "ALIGN_MEAN",
                    "crossSeriesReducer": "REDUCE_MEAN",
                    "groupByFields": [
                      "resource.label.node_name"
                    ]
                  }
                },
                "unitOverride": "1"
                },
                "plotType": "LINE"
            }
          ],
          "timeshiftDuration": "0s"
        }
      },
     {
        "title": "K8S_node Total memory",
        "xyChart": {
          "dataSets": [
            {
              "timeSeriesQuery": {
                "timeSeriesFilter": {
                  "filter": "resource.type=\"k8s_node\" AND metric.type=\"kubernetes.io/node/memory/total_bytes\"",
                  "aggregation": {
                    "perSeriesAligner": "ALIGN_SUM",
                    "crossSeriesReducer": "REDUCE_SUM",
                    "groupByFields": [
                      "resource.label.node_name"
                    ]
                  }
                },
                "unitOverride": "1"
                },
                "plotType": "LINE"
            }
          ],
          "timeshiftDuration": "0s"
        }
      },
     {
        "title": "K8S_node Memory usage",
        "xyChart": {
          "dataSets": [
            {
              "timeSeriesQuery": {
                "timeSeriesFilter": {
                  "filter": "resource.type=\"k8s_node\" AND metric.type=\"kubernetes.io/node/memory/used_bytes\"",
                  "aggregation": {
                    "perSeriesAligner": "ALIGN_MEAN",
                    "crossSeriesReducer": "REDUCE_MEAN",
                    "groupByFields": [
                      "resource.label.node_name"
                    ]
                  }
                },
                "unitOverride": "1"
                },
                "plotType": "LINE"
            }
          ],
          "timeshiftDuration": "0s"
        }
      },
     {
        "title": "K8S_node The number of running process in the OS on the node",
        "xyChart": {
          "dataSets": [
            {
              "timeSeriesQuery": {
                "timeSeriesFilter": {
                  "filter": "resource.type=\"k8s_node\" AND metric.type=\"kubernetes.io/node/pid_used\"",
                  "aggregation": {
                    "perSeriesAligner": "ALIGN_COUNT",
                    "crossSeriesReducer": "REDUCE_SUM",
                    "groupByFields": [
                      "resource.label.node_name"
                    ]
                  }
                },
                "unitOverride": "1"
                },
                "plotType": "LINE"
            }
          ],
          "timeshiftDuration": "0s"
        }
      },
     {
        "title": "K8S_pod number of bytes received by the pod ",
        "xyChart": {
          "dataSets": [
            {
              "timeSeriesQuery": {
                "timeSeriesFilter": {
                  "filter": "resource.type=\"k8s_pod\" AND metric.type=\"kubernetes.io/pod/network/received_bytes_count\"",
                  "aggregation": {
                    "perSeriesAligner": "ALIGN_RATE",
                    "crossSeriesReducer": "REDUCE_MEAN",
                    "groupByFields": [
                      "resource.label.pod_name"
                    ]
                  }
                },
                "unitOverride": "1"
                },
                "plotType": "LINE"
            }
          ],
          "timeshiftDuration": "0s"
        }
      },
     {
        "title": "K8S_pod number of bytes transmitted by the pod",
        "xyChart": {
          "dataSets": [
            {
              "timeSeriesQuery": {
                "timeSeriesFilter": {
                  "filter": "resource.type=\"k8s_pod\" AND metric.type=\"kubernetes.io/pod/network/sent_bytes_count\"",
                  "aggregation": {
                    "perSeriesAligner": "ALIGN_RATE",
                    "crossSeriesReducer": "REDUCE_MEAN",
                    "groupByFields": [
                      "resource.label.pod_name"
                    ]
                  }
                },
                "unitOverride": "1"
                },
                "plotType": "LINE"
            }
          ],
          "timeshiftDuration": "0s"
        }
      },
     {
        "title": "K8S_pod Total number of disk bytes available to the pod",
        "xyChart": {
          "dataSets": [
            {
              "timeSeriesQuery": {
                "timeSeriesFilter": {
                  "filter": "resource.type=\"k8s_pod\" AND metric.type=\"kubernetes.io/pod/volume/total_bytes\"",
                  "aggregation": {
                    "perSeriesAligner": "ALIGN_MEAN",
                    "crossSeriesReducer": "REDUCE_MEAN",
                    "groupByFields": [
                      "resource.label.pod_name"
                    ]
                  }
                },
                "unitOverride": "1"
                },
                "plotType": "LINE"
            }
          ],
          "timeshiftDuration": "0s"
        }
      },
     {
        "title": "K8S_pod Number of disk bytes used by the pod",
        "xyChart": {
          "dataSets": [
            {
              "timeSeriesQuery": {
                "timeSeriesFilter": {
                  "filter": "resource.type=\"k8s_pod\" AND metric.type=\"kubernetes.io/pod/volume/used_bytes\"",
                  "aggregation": {
                    "perSeriesAligner": "ALIGN_MEAN",
                    "crossSeriesReducer": "REDUCE_MEAN",
                    "groupByFields": [
                      "resource.label.pod_name"
                    ]
                  }
                },
                "unitOverride": "1"
                },
                "plotType": "LINE"
            }
          ],
          "timeshiftDuration": "0s"
        }
      },
     {
        "title": "K8S_pod The fraction of the volume that is currently being used by the instance",
        "xyChart": {
          "dataSets": [
            {
              "timeSeriesQuery": {
                "timeSeriesFilter": {
                  "filter": "resource.type=\"k8s_pod\" AND metric.type=\"kubernetes.io/pod/volume/utilization\"",
                  "aggregation": {
                    "perSeriesAligner": "ALIGN_MEAN",
                    "crossSeriesReducer": "REDUCE_MEAN",
                    "groupByFields": [
                      "resource.label.pod_name"
                    ]
                  }
                },
                "unitOverride": "1"
                },
                "plotType": "LINE"
            }
          ],
          "timeshiftDuration": "0s"
        }
      },
     {
        "title": "vpn_gateway number of HA connections per VPN gateway",
        "xyChart": {
          "dataSets": [
            {
              "timeSeriesQuery": {
                "timeSeriesFilter": {
                  "filter": "resource.type=\"vpn_gateway\" AND metric.type=\"vpn.googleapis.com/gateway/connections\"",
                  "aggregation": {
                    "perSeriesAligner": "ALIGN_COUNT",
                    "crossSeriesReducer": "REDUCE_SUM",
                    "groupByFields": [
                      "metric.labels.gateway_id"
                    ]
                  }
                },
                "unitOverride": "1"
                },
                "plotType": "LINE"
            }
          ],
          "timeshiftDuration": "0s"
        }
      },
     {
        "title": "vpn_gateway Ingress (received from peer VPN) packets dropped for tunnel",
        "xyChart": {
          "dataSets": [
            {
              "timeSeriesQuery": {
                "timeSeriesFilter": {
                  "filter": "resource.type=\"vpn_gateway\" AND metric.type=\"vpn.googleapis.com/network/dropped_received_packets_count\"",
                  "aggregation": {
                    "perSeriesAligner": "ALIGN_RATE",
                    "crossSeriesReducer": "REDUCE_SUM",
                    "groupByFields": [
                      "metric.labels.gateway_id"
                    ]
                  }
                },
                "unitOverride": "1"
                },
                "plotType": "LINE"
            }
          ],
          "timeshiftDuration": "0s"
        }
      },
     {
        "title": "vpn_gateway Egress (directed to peer VPN) packets dropped for tunnel",
        "xyChart": {
          "dataSets": [
            {
              "timeSeriesQuery": {
                "timeSeriesFilter": {
                  "filter": "resource.type=\"vpn_gateway\" AND metric.type=\"vpn.googleapis.com/network/dropped_sent_packets_count\"",
                  "aggregation": {
                    "perSeriesAligner": "ALIGN_RATE",
                    "crossSeriesReducer": "REDUCE_SUM",
                    "groupByFields": [
                      "metric.labels.gateway_id"
                    ]
                  }
                },
                "unitOverride": "1"
                },
                "plotType": "LINE"
            }
          ],
          "timeshiftDuration": "0s"
        }
      },
      {
        "title": "K8S_Container cpu limit utilization",
        "xyChart": {
          "dataSets": [
            {
              "timeSeriesQuery": {
                "timeSeriesFilter": {
                  "filter": "resource.type=\"k8s_container\" AND metric.type=\"kubernetes.io/container/cpu/limit_utilization\"",
                  "aggregation": {
                    "perSeriesAligner": "ALIGN_MEAN",
                    "crossSeriesReducer": "REDUCE_MEAN",
                    "groupByFields": [
                      "resource.label.container_name"
                    ]
                  }
                },
                "unitOverride": "1"
              },
              "plotType": "LINE"
            }
          ],
          "timeshiftDuration": "0s"
        }
      },
     {
        "title": "K8S_Container memory limit utilization",
        "xyChart": {
          "dataSets": [
            {
              "timeSeriesQuery": {
                "timeSeriesFilter": {
                  "filter": "resource.type=\"k8s_container\" AND metric.type=\"kubernetes.io/container/memory/limit_utilization\"",
                  "aggregation": {
                    "perSeriesAligner": "ALIGN_MEAN",
                    "crossSeriesReducer": "REDUCE_MEAN",
                                        "groupByFields": [
                      "resource.label.container_name"
                    ]
                  }
                },
                "unitOverride": "1"
              },
              "plotType": "LINE"
            }
          ],
          "timeshiftDuration": "0s"
        }
      },
     {
        "title": "K8S_Container memory usage in bytes",
        "xyChart": {
          "dataSets": [
            {
              "timeSeriesQuery": {
                "timeSeriesFilter": {
                  "filter": "resource.type=\"k8s_container\" AND metric.type=\"kubernetes.io/container/memory/used_bytes\"",
                  "aggregation": {
                    "perSeriesAligner": "ALIGN_MEAN",
                    "crossSeriesReducer": "REDUCE_MEAN",
                    "groupByFields": [
                      "resource.label.container_name"
                    ]
                  }
                },
                "unitOverride": "1"
              },
              "plotType": "LINE"
            }
          ],
          "timeshiftDuration": "0s"
        }
      },
      {
        "title": "K8S_node allocatable cpu in use",
        "xyChart": {
          "dataSets": [
            {
              "timeSeriesQuery": {
                "timeSeriesFilter": {
                  "filter": "resource.type=\"k8s_node\" AND metric.type=\"kubernetes.io/node/cpu/allocatable_utilization\"",
                  "aggregation": {
                    "perSeriesAligner": "ALIGN_COUNT",
                    "crossSeriesReducer": "REDUCE_SUM",
                    "groupByFields": [
                      "resource.label.node_name"
                    ]
                  }
                },
                "unitOverride": "1"
              },
              "plotType": "LINE"
            }
          ],
          "timeshiftDuration": "0s"
        }
      },
     {
        "title": "vpn_gateway Ingress (received from peer VPN) bytes for tunnel",
        "xyChart": {
          "dataSets": [
            {
              "timeSeriesQuery": {
                "timeSeriesFilter": {
                  "filter": "resource.type=\"vpn_gateway\" AND metric.type=\"vpn.googleapis.com/network/received_bytes_count\"",
                  "aggregation": {
                    "perSeriesAligner": "ALIGN_RATE",
                    "crossSeriesReducer": "REDUCE_SUM",
                    "groupByFields": [
                      "metric.labels.gateway_id"
                    ]
                  }
                },
                "unitOverride": "1"
                },
                "plotType": "LINE"
            }
          ],
          "timeshiftDuration": "0s"
        }
      }
    ]
  }
}
