{
  "displayName": "Timescale_Db",
  "gridLayout": {
    "columns": "3",
    "widgets": [
      {
        "title": "Time scale db status",
        "xyChart": {
          "dataSets": [
            {
              "timeSeriesQuery": {
                "timeSeriesFilter": {
                  "filter": "resource.type=\"gce_instance\" AND metric.type=\"logging.googleapis.com/user/patroni_status_finding\"",
                  "aggregation": {
                    "perSeriesAligner": "ALIGN_COUNT",
                    "crossSeriesReducer": "REDUCE_COUNT",
                    "groupByFields": [
                      "metric.labels.node_name", "metric.labels.patroni_status"
                    ]
                  }
                },
                "unitOverride": "1"
              },
              "plotType": "LINE"
            }
          ],
          "timeshiftDuration": "0s"
        }
      }
    ]
  }
}