{
   "incident":{
      "incident_id":"0.m6bpw2u2pudc",
      "resource_id":"",
      "resource_name":"pod-recognition-nonprod Cloud Scheduler Job labels {project_id=pod-recognition-nonprod, job_id=CR-dmparser-testing}",
      "resource":{
         "type":"cloud_scheduler_job",
         "labels":{
            "job_id":"kdp-podrec-dev-usc1-coldpath-inference",
            "project_id":"pod-recognition-nonprod"
         }
      },
      "resource_type_display_name":"Cloud Scheduler Job",
      "metric":{
         "type":"logging.googleapis.com/user/kdp-podrec-nonprod-dev-cloud-run-404-error-test",
         "displayName":"logging/user/kdp-podrec-test-coldpath-usc1-preprocess"
      },
      "started_at":1629550440,
      "policy_name":"DM parser Service not reachable",
      "condition_name":"logging/user/kdp-podrec-nonprod-dev-cloud-run-404-error-test [SUM]",
      "condition":{
         "name":"projects/pod-recognition-nonprod/alertPolicies/10906875721853687614/conditions/10906875721853687489",
         "displayName":"logging/user/kdp-podrec-nonprod-dev-cloud-run-404-error-test [SUM]",
         "conditionThreshold":{
            "filter":"metric.type=\"logging.googleapis.com/user/kdp-podrec-nonprod-dev-cloud-run-404-error-test\" resource.type=\"cloud_scheduler_job\" resource.label.\"job_id\"=\"CR-dmparser-testing\"",
            "aggregations":[
               {
                  "alignmentPeriod":"60s",
                  "perSeriesAligner":"ALIGN_SUM",
                  "crossSeriesReducer":"REDUCE_SUM"
               }
            ],
            "comparison":"COMPARISON_GT",
            "thresholdValue":2,
            "duration":"60s",
            "trigger":{
               "count":1
            }
         }
      },
      "url":"https://console.cloud.google.com/monitoring/alerting/incidents/0.m6bpw2u2pudc?project=pod-recognition-nonprod",
      "documentation":{
         "content":"**Recreate the service**",
         "mime_type":"text/markdown"
      },
      "state":"open",
      "ended_at":null,
      "summary":"logging/user/kdp-podrec-nonprod-dev-cloud-run-404-error-test for pod-recognition-nonprod Cloud Scheduler Job labels {project_id=pod-recognition-nonprod, job_id=CR-dmparser-testing} is above the threshold of 2.000 with a value of 4.000."
   },
   "version":"1.2"
}