{
  "displayName": "NOC_Billing",
  "gridLayout": {
    "columns": "3",
    "widgets": [
      {
        "title": "BIGQuery scanned bytes billed",
        "xyChart": {
          "dataSets": [
            {
              "timeSeriesQuery": {
                "timeSeriesFilter": {
                  "filter": "resource.type=\"global\" AND metric.type=\"bigquery.googleapis.com/query/scanned_bytes_billed\"",
                  "aggregation": {
                    "perSeriesAligner": "ALIGN_MEAN",
                    "crossSeriesReducer": "REDUCE_MEAN",
                    "groupByFields": [
                      "metric.labels.priority"
                    ]
                  }
                },
                "unitOverride": "1"
              },
              "plotType": "LINE"
            }
          ],
          "timeshiftDuration": "0s"
        }
      },
      {
        "title": "BIGQuery uploaded bytes billed",
        "xyChart": {
          "dataSets": [
            {
              "timeSeriesQuery": {
                "timeSeriesFilter": {
                  "filter": "resource.type=\"bigquery_dataset\" AND metric.type=\"bigquery.googleapis.com/storage/uploaded_bytes_billed\"",
                  "aggregation": {
                    "perSeriesAligner": "ALIGN_MEAN",
                    "crossSeriesReducer": "REDUCE_MEAN",
                    "groupByFields": [
                      "metric.labels.table"
                    ]
                  }
                },
                "unitOverride": "1"
              },
              "plotType": "LINE"
            }
          ],
          "timeshiftDuration": "0s"
        }
      },
      {
        "title": "Dataflow Billable shuffle data processed",
        "xyChart": {
          "dataSets": [
            {
              "timeSeriesQuery": {
                "timeSeriesFilter": {
                  "filter": "resource.type=\"dataflow_job\" AND metric.type=\"dataflow.googleapis.com/job/billable_shuffle_data_processed\"",
                  "aggregation": {
                    "perSeriesAligner": "ALIGN_MEAN",
                    "crossSeriesReducer": "REDUCE_MEAN",
                    "groupByFields": [
                      "metric.labels.job_id"
                    ]
                  }
                },
                "unitOverride": "1"
              },
              "plotType": "LINE"
            }
          ],
          "timeshiftDuration": "0s"
        }
     },
      {
        "title": " IOT Billable bytes transferred",
        "xyChart": {
          "dataSets": [
            {
              "timeSeriesQuery": {
                "timeSeriesFilter": {
                  "filter": "resource.type=\"cloudiot_device_registry\" AND metric.type=\"cloudiot.googleapis.com/device/billing_bytes_count\"",
                  "aggregation": {
                    "perSeriesAligner": "ALIGN_MEAN",
                    "crossSeriesReducer": "REDUCE_MEAN",
                    "groupByFields": [
                      "metric.labels.protocol"
                    ]
                  }
                },
                "unitOverride": "1"
              },
              "plotType": "LINE"
            }
          ],
          "timeshiftDuration": "0s"
        }
      },
      {
        "title": " Logging Billing Log bytes ingested",
        "xyChart": {
          "dataSets": [
            {
              "timeSeriesQuery": {
                "timeSeriesFilter": {
                  "filter": "resource.type=\"global\" AND metric.type=\"logging.googleapis.com/billing/bytes_ingested\"",
                  "aggregation": {
                    "perSeriesAligner": "ALIGN_MEAN",
                    "crossSeriesReducer": "REDUCE_MEAN",
                    "groupByFields": [
                      "metric.labels.resource_type"
                    ]
                  }
                },
                "unitOverride": "1"
              },
              "plotType": "LINE"
            }
          ],
          "timeshiftDuration": "0s"
        }
      },
      {
        "title": " Logging Billing Monthly Log bytes ingested",
        "xyChart": {
          "dataSets": [
            {
              "timeSeriesQuery": {
                "timeSeriesFilter": {
                  "filter": "resource.type=\"global\" AND metric.type=\"logging.googleapis.com/billing/monthly_bytes_ingested\"",
                  "aggregation": {
                    "perSeriesAligner": "ALIGN_MEAN",
                    "crossSeriesReducer": "REDUCE_MEAN",
                    "groupByFields": [
                      "metric.labels.resource_type"
                    ]
                  }
                },
                "unitOverride": "1"
              },
              "plotType": "LINE"
            }
          ],
          "timeshiftDuration": "0s"
        }
      },
      {
        "title": " Firebase Total billed bytes",
        "xyChart": {
          "dataSets": [
            {
              "timeSeriesQuery": {
                "timeSeriesFilter": {
                  "filter": "resource.type=\"firebase_namespace\" AND metric.type=\"firebasedatabase.googleapis.com/network/sent_bytes_count\""
                },
                "unitOverride": "1"
              },
              "plotType": "LINE"
            }
          ],
          "timeshiftDuration": "0s"
        }
      }
    ]
  }
}  
