{
  "displayName": "NOC_Performance_Two",
  "gridLayout": {
    "columns": "3",
    "widgets": [
      {
        "title": "Container Memory Limit Ulilization MIN",
        "xyChart": {
          "dataSets": [
            {
              "timeSeriesQuery": {
                "timeSeriesFilter": {
                  "filter": "resource.type=\"k8s_container\" AND metric.type=\"kubernetes.io/container/memory/limit_utilization\"",
                  "aggregation": {
                    "perSeriesAligner": "ALIGN_MIN",
                    "crossSeriesReducer": "REDUCE_MIN",
                    "groupByFields": [
                      "resource.labels.location",
                      "resource.labels.cluster_name",
                      "resource.labels.pod_name",
                      "resource.labels.namespace_name",
                      "resource.labels.container_name"
                    ]
                  }
                },
                "unitOverride": "1"
              },
              "plotType": "LINE"
            }
          ],
          "timeshiftDuration": "0s"
        }
      },
      {
        "title": "Container Memory limit utilization MEAN",
        "xyChart": {
          "dataSets": [
            {
              "timeSeriesQuery": {
                "timeSeriesFilter": {
                  "filter": "resource.type=\"k8s_container\" AND metric.type=\"kubernetes.io/container/memory/limit_utilization\"",
                  "aggregation": {
                    "perSeriesAligner": "ALIGN_MEAN",
                    "crossSeriesReducer": "REDUCE_MEAN",
                    "groupByFields": [
                      "resource.labels.location",
                      "resource.labels.cluster_name",
                      "resource.labels.pod_name",
                      "resource.labels.namespace_name",
                      "resource.labels.container_name"
                    ]
                  }
                },
                "unitOverride": "1"
              },
              "plotType": "LINE"
            }
          ],
          "timeshiftDuration": "0s"
        }
      },
      {
        "title": "Container Memory limit utilization MAX",
        "xyChart": {
          "dataSets": [
            {
              "timeSeriesQuery": {
                "timeSeriesFilter": {
                  "filter": "resource.type=\"k8s_container\" AND metric.type=\"kubernetes.io/container/memory/limit_utilization\"",
                  "aggregation": {
                    "perSeriesAligner": "ALIGN_MAX",
                    "crossSeriesReducer": "REDUCE_MAX",
                    "groupByFields": [
                      "resource.labels.location",
                      "resource.labels.cluster_name",
                      "resource.labels.pod_name",
                      "resource.labels.namespace_name",
                      "resource.labels.container_name"
                    ]
                  }
                },
                "unitOverride": "1"
              },
              "plotType": "LINE"
            }
          ],
          "timeshiftDuration": "0s"
	}
     },
      {
        "title": "Container Page Fault count",
        "xyChart": {
          "dataSets": [
            {
              "timeSeriesQuery": {
                "timeSeriesFilter": {
                  "filter": "resource.type=\"k8s_container\" AND metric.type=\"kubernetes.io/container/memory/page_fault_count\"",
                  "aggregation": {
                    "perSeriesAligner": "ALIGN_RATE",
                    "crossSeriesReducer": "REDUCE_COUNT",
                    "groupByFields": [
                      "resource.labels.location",
                      "resource.labels.cluster_name",
                      "resource.labels.pod_name",
                      "resource.labels.namespace_name",
                      "resource.labels.container_name"
                    ]
                  }
                },
                "unitOverride": "1"
              },
              "plotType": "LINE"
            }
          ],
          "timeshiftDuration": "0s"
        }
      },
      {
        "title": "Container Restart Count",
        "xyChart": {
          "dataSets": [
            {
              "timeSeriesQuery": {
                "timeSeriesFilter": {
                  "filter": "resource.type=\"k8s_container\" AND metric.type=\"kubernetes.io/container/restart_count\"",
                  "aggregation": {
                    "perSeriesAligner": "ALIGN_RATE",
                    "crossSeriesReducer": "REDUCE_COUNT",
                    "groupByFields": [
                      "resource.labels.location",
                      "resource.labels.cluster_name",
                      "resource.labels.pod_name",
                      "resource.labels.namespace_name",
                      "resource.labels.container_name"
                    ]
                  }
                },
                "unitOverride": "1"
              },
              "plotType": "LINE"
            }
          ],
          "timeshiftDuration": "0s"
        }
      },
      {
        "title": "Container Uptime",
        "xyChart": {
          "dataSets": [
            {
              "timeSeriesQuery": {
                "timeSeriesFilter": {
                  "filter": "resource.type=\"k8s_container\" AND metric.type=\"kubernetes.io/container/uptime\"",
		  "aggregation": {
                    "perSeriesAligner": "ALIGN_MEAN",
                    "crossSeriesReducer": "REDUCE_MEAN",
                    "groupByFields": [
                      "resource.labels.location",
                      "resource.labels.cluster_name",
                      "resource.labels.pod_name",
                      "resource.labels.namespace_name",
                      "resource.labels.container_name"
                    ]
                  }
                },
                "unitOverride": "1"
              },
              "plotType": "LINE"
            }
          ],
          "timeshiftDuration": "0s"
	}
     },
     {
        "title": "Pod Bytes received Count over the network",
        "xyChart": {
          "dataSets": [
            {
              "timeSeriesQuery": {
                "timeSeriesFilter": {
                  "filter": "resource.type=\"k8s_pod\" AND metric.type=\"kubernetes.io/pod/network/received_bytes_count\"",
                  "aggregation": {
                    "perSeriesAligner": "ALIGN_RATE",
                    "crossSeriesReducer": "REDUCE_COUNT",
                    "groupByFields": [
                      "resource.labels.location",
                      "resource.labels.cluster_name",
                      "resource.labels.pod_name",
                      "resource.labels.namespace_name"
                    ]
                  }
                },
                "unitOverride": "1"
              },
              "plotType": "LINE"
            }
          ],
          "timeshiftDuration": "0s"
	}
        },
	{
        "title": "Pod Bytes Transmitted Count over the network",
        "xyChart": {
          "dataSets": [
            {
              "timeSeriesQuery": {
                "timeSeriesFilter": {
                  "filter": "resource.type=\"k8s_pod\" AND metric.type=\"kubernetes.io/pod/network/sent_bytes_count\"",
                  "aggregation": {
                    "perSeriesAligner": "ALIGN_RATE",
                    "crossSeriesReducer": "REDUCE_COUNT",
                    "groupByFields": [
                      "resource.labels.location",
                      "resource.labels.cluster_name",
                      "resource.labels.pod_name",
                      "resource.labels.namespace_name"
                    ]
                  }
                },
                "unitOverride": "1"
              },
              "plotType": "LINE"
            }
          ],
          "timeshiftDuration": "0s"
        }
     },
     {
        "title": "Pod Volume Utilized",
        "xyChart": {
          "dataSets": [
            {
              "timeSeriesQuery": {
                "timeSeriesFilter": {
                  "filter": "resource.type=\"k8s_pod\" AND metric.type=\"kubernetes.io/pod/volume/utilization\"",
                  "aggregation": {
                    "perSeriesAligner": "ALIGN_SUM",
                    "crossSeriesReducer": "REDUCE_SUM",
                    "groupByFields": [
                      "resource.labels.location",
                      "resource.labels.cluster_name",
                      "resource.labels.pod_name",
                      "resource.labels.namespace_name",
                      "resource.labels.volume_name"
                    ]
                  }
                },
                "unitOverride": "1"
              },
              "plotType": "LINE"
            }
          ],
          "timeshiftDuration": "0s"
        }
     },
     {
        "title": "Pod Volume Capacity",
        "xyChart": {
          "dataSets": [
            {
              "timeSeriesQuery": {
                "timeSeriesFilter": {
                  "filter": "resource.type=\"k8s_pod\" AND metric.type=\"kubernetes.io/pod/volume/total_bytes\"",
                  "aggregation": {
                    "perSeriesAligner": "ALIGN_SUM",
                    "crossSeriesReducer": "REDUCE_SUM",
                    "groupByFields": [
                      "resource.labels.location",
                      "resource.labels.cluster_name",
                      "resource.labels.pod_name",
                      "resource.labels.namespace_name",
                      "resource.labels.volume_name"
                    ]
                  }
                },
                "unitOverride": "1"
              },
              "plotType": "LINE"
            }
          ],
          "timeshiftDuration": "0s"
        }
     },
     {
        "title": "Pod Volume Usage",
        "xyChart": {
          "dataSets": [
            {
              "timeSeriesQuery": {
                "timeSeriesFilter": {
                  "filter": "resource.type=\"k8s_pod\" AND metric.type=\"kubernetes.io/pod/volume/used_bytes\"",
                  "aggregation": {
                    "perSeriesAligner": "ALIGN_SUM",
                    "crossSeriesReducer": "REDUCE_SUM",
                    "groupByFields": [
                      "resource.labels.location",
                      "resource.labels.cluster_name",
                      "resource.labels.pod_name",
                      "resource.labels.namespace_name",
                      "resource.labels.volume_name"
                    ]
                  }
                },
                "unitOverride": "1"
              },
              "plotType": "LINE"
            }
          ],
          "timeshiftDuration": "0s"
        }
     },
     {
        "title": "Node CPU allocatable utilization MIN",
        "xyChart": {
          "dataSets": [
            {
              "timeSeriesQuery": {
                "timeSeriesFilter": {
                  "filter": "resource.type=\"k8s_node\" AND metric.type=\"kubernetes.io/node/cpu/allocatable_utilization\"",
                  "aggregation": {
                    "perSeriesAligner": "ALIGN_MIN",
                    "crossSeriesReducer": "REDUCE_MIN",
                    "groupByFields": [
                      "resource.labels.location",
                      "resource.labels.cluster_name",
                      "resource.labels.node_name"
                    ]
                  }
                },
                "unitOverride": "1"
              },
              "plotType": "LINE"
            }
          ],
          "timeshiftDuration": "0s"
        }
     },
     {
        "title": "Node CPU allocatable utilization MEAN",
        "xyChart": {
          "dataSets": [
            {
              "timeSeriesQuery": {
                "timeSeriesFilter": {
                  "filter": "resource.type=\"k8s_node\" AND metric.type=\"kubernetes.io/node/cpu/allocatable_utilization\"",
                  "aggregation": {
                    "perSeriesAligner": "ALIGN_MEAN",
                    "crossSeriesReducer": "REDUCE_MEAN",
                    "groupByFields": [
                      "resource.labels.location",
                      "resource.labels.cluster_name",
                      "resource.labels.node_name"
                    ]
                  }
                },
                "unitOverride": "1"
              },
              "plotType": "LINE"
            }
          ],
          "timeshiftDuration": "0s"
        }
     },
     {
        "title": "Node CPU allocatable utilization MAX",
        "xyChart": {
          "dataSets": [
            {
              "timeSeriesQuery": {
                "timeSeriesFilter": {
                  "filter": "resource.type=\"k8s_node\" AND metric.type=\"kubernetes.io/node/cpu/allocatable_utilization\"",
                  "aggregation": {
                    "perSeriesAligner": "ALIGN_MAX",
                    "crossSeriesReducer": "REDUCE_MAX",
                    "groupByFields": [
                      "resource.labels.location",
                      "resource.labels.cluster_name",
                      "resource.labels.node_name"
                    ]
                  }
                },
                "unitOverride": "1"
              },
              "plotType": "LINE"
            }
          ],
          "timeshiftDuration": "0s"
        }
     },
     {
        "title": "Node CPU Usage time",
        "xyChart": {
          "dataSets": [
            {
              "timeSeriesQuery": {
                "timeSeriesFilter": {
                  "filter": "resource.type=\"k8s_node\" AND metric.type=\"kubernetes.io/node/cpu/core_usage_time\"",
                  "aggregation": {
                    "perSeriesAligner": "ALIGN_RATE",
                    "crossSeriesReducer": "REDUCE_MEAN",
                    "groupByFields": [
                      "resource.labels.location",
                      "resource.labels.cluster_name",
                      "resource.labels.node_name"
                    ]
                  }
                },
                "unitOverride": "1"
              },
              "plotType": "LINE"
            }
          ],
          "timeshiftDuration": "0s"
        }
     },
     {
        "title": "Node Total Ephemeral storage",
        "xyChart": {
          "dataSets": [
            {
              "timeSeriesQuery": {
                "timeSeriesFilter": {
                  "filter": "resource.type=\"k8s_node\" AND metric.type=\"kubernetes.io/node/ephemeral_storage/total_bytes\"",
                  "aggregation": {
                    "perSeriesAligner": "ALIGN_SUM",
                    "crossSeriesReducer": "REDUCE_SUM",
                    "groupByFields": [
                      "resource.labels.location",
                      "resource.labels.cluster_name",
                      "resource.labels.node_name"
                    ]
                  }
                },
                "unitOverride": "1"
              },
              "plotType": "LINE"
            }
          ],
          "timeshiftDuration": "0s"
        }
     },
     {
        "title": "Node Ephemeral storage Usage",
        "xyChart": {
          "dataSets": [
            {
              "timeSeriesQuery": {
                "timeSeriesFilter": {
                  "filter": "resource.type=\"k8s_node\" AND metric.type=\"kubernetes.io/node/ephemeral_storage/used_bytes\"",
                  "aggregation": {
                    "perSeriesAligner": "ALIGN_SUM",
                    "crossSeriesReducer": "REDUCE_SUM",
                    "groupByFields": [
                      "resource.labels.location",
                      "resource.labels.cluster_name",
                      "resource.labels.node_name"
                    ]
                  }
                },
                "unitOverride": "1"
              },
              "plotType": "LINE"
            }
          ],
          "timeshiftDuration": "0s"
        }
     },
     {
        "title": "Node allocatable Ephemeral storage",
        "xyChart": {
          "dataSets": [
            {
              "timeSeriesQuery": {
                "timeSeriesFilter": {
                  "filter": "resource.type=\"k8s_node\" AND metric.type=\"kubernetes.io/node/ephemeral_storage/allocatable_bytes\"",
                  "aggregation": {
                    "perSeriesAligner": "ALIGN_SUM",
                    "crossSeriesReducer": "REDUCE_SUM",
                    "groupByFields": [
                      "resource.labels.location",
                      "resource.labels.cluster_name",
                      "resource.labels.node_name"
                    ]
                  }
                },
                "unitOverride": "1"
              },
              "plotType": "LINE"
            }
          ],
          "timeshiftDuration": "0s"
        }
     },
     {
        "title": "Node Memory allocatable utilization MIN",
        "xyChart": {
          "dataSets": [
            {
              "timeSeriesQuery": {
                "timeSeriesFilter": {
                  "filter": "resource.type=\"k8s_node\" AND metric.type=\"kubernetes.io/node/memory/allocatable_utilization\"",
                  "aggregation": {
                    "perSeriesAligner": "ALIGN_MIN",
                    "crossSeriesReducer": "REDUCE_MIN",
                    "groupByFields": [
                      "resource.labels.location",
                      "resource.labels.cluster_name",
                      "resource.labels.node_name"
                    ]
                  }
                },
                "unitOverride": "1"
              },
              "plotType": "LINE"
            }
          ],
          "timeshiftDuration": "0s"
        }
     },
     {
        "title": "Node Memory allocatable utilization MEAN",
        "xyChart": {
          "dataSets": [
            {
              "timeSeriesQuery": {
                "timeSeriesFilter": {
                  "filter": "resource.type=\"k8s_node\" AND metric.type=\"kubernetes.io/node/memory/allocatable_utilization\"",
                  "aggregation": {
                    "perSeriesAligner": "ALIGN_MEAN",
                    "crossSeriesReducer": "REDUCE_MEAN",
                    "groupByFields": [
                      "resource.labels.location",
                      "resource.labels.cluster_name",
                      "resource.labels.node_name"
                    ]
                  }
                },
                "unitOverride": "1"
              },
              "plotType": "LINE"
            }
          ],
          "timeshiftDuration": "0s"
        }
     },
    {
        "title": "Node Memory allocatable utilization MAX",
        "xyChart": {
          "dataSets": [
            {
              "timeSeriesQuery": {
                "timeSeriesFilter": {
                  "filter": "resource.type=\"k8s_node\" AND metric.type=\"kubernetes.io/node/memory/allocatable_utilization\"",
                  "aggregation": {
                    "perSeriesAligner": "ALIGN_MAX",
                    "crossSeriesReducer": "REDUCE_MAX",
                    "groupByFields": [
                      "resource.labels.location",
                      "resource.labels.cluster_name",
                      "resource.labels.node_name"
                    ]
                  }
                },
                "unitOverride": "1"
              },
              "plotType": "LINE"
            }
          ],
          "timeshiftDuration": "0s"
        }
     },
     {
        "title": "Node allocatable memory",
        "xyChart": {
          "dataSets": [
            {
              "timeSeriesQuery": {
                "timeSeriesFilter": {
                  "filter": "resource.type=\"k8s_node\" AND metric.type=\"kubernetes.io/node/memory/allocatable_bytes\"",
                  "aggregation": {
                    "perSeriesAligner": "ALIGN_SUM",
                    "crossSeriesReducer": "REDUCE_SUM",
                    "groupByFields": [
                      "resource.labels.location",
                      "resource.labels.cluster_name",
                      "resource.labels.node_name"
                    ]
                  }
                },
                "unitOverride": "1"
              },
              "plotType": "LINE"
            }
          ],
          "timeshiftDuration": "0s"
        }
     },
     {
        "title": "Node memory Usage",
        "xyChart": {
          "dataSets": [
            {
              "timeSeriesQuery": {
                "timeSeriesFilter": {
                  "filter": "resource.type=\"k8s_node\" AND metric.type=\"kubernetes.io/node_daemon/memory/used_bytes\"",
                  "aggregation": {
                    "perSeriesAligner": "ALIGN_SUM",
                    "crossSeriesReducer": "REDUCE_SUM",
                    "groupByFields": [
                      "resource.labels.location",
                      "resource.labels.cluster_name",
                      "resource.labels.node_name"
                    ]
                  }
                },
                "unitOverride": "1"
              },
              "plotType": "LINE"
            }
          ],
          "timeshiftDuration": "0s"
        }
     },
     {
        "title": "Node bytes received count over network",
        "xyChart": {
          "dataSets": [
            {
              "timeSeriesQuery": {
                "timeSeriesFilter": {
                  "filter": "resource.type=\"k8s_node\" AND metric.type=\"kubernetes.io/node/network/received_bytes_count\"",
                  "aggregation": {
                    "perSeriesAligner": "ALIGN_RATE",
                    "crossSeriesReducer": "REDUCE_SUM",
                    "groupByFields": [
                      "resource.labels.location",
                      "resource.labels.cluster_name",
                      "resource.labels.node_name"
                    ]
                  }
                },
                "unitOverride": "1"
              },
              "plotType": "LINE"
            }
          ],
          "timeshiftDuration": "0s"
        }
     },
     {
        "title": "Node bytes Transmitted count over network",
        "xyChart": {
          "dataSets": [
            {
              "timeSeriesQuery": {
                "timeSeriesFilter": {
                  "filter": "resource.type=\"k8s_node\" AND metric.type=\"kubernetes.io/node/network/sent_bytes_count\"",
                  "aggregation": {
                    "perSeriesAligner": "ALIGN_RATE",
                    "crossSeriesReducer": "REDUCE_SUM",
                    "groupByFields": [
                      "resource.labels.location",
                      "resource.labels.cluster_name",
                      "resource.labels.node_name"
                    ]
                  }
                },
                "unitOverride": "1"
              },
              "plotType": "LINE"
            }
          ],
          "timeshiftDuration": "0s"
        }
     },
     {
        "title": "Node Max PID COUNT",
        "xyChart": {
          "dataSets": [
            {
              "timeSeriesQuery": {
                "timeSeriesFilter": {
                  "filter": "resource.type=\"k8s_node\" AND metric.type=\"kubernetes.io/node/pid_limit\"",
                  "aggregation": {
                    "perSeriesAligner": "ALIGN_COUNT",
                    "crossSeriesReducer": "REDUCE_SUM",
                    "groupByFields": [
                      "resource.labels.location",
                      "resource.labels.cluster_name",
                      "resource.labels.node_name"
                    ]
                  }
                },
                "unitOverride": "1"
              },
              "plotType": "LINE"
            }
          ],
          "timeshiftDuration": "0s"
        }
     },
     {
        "title": "Node PID Usage Count",
        "xyChart": {
          "dataSets": [
            {
              "timeSeriesQuery": {
                "timeSeriesFilter": {
                  "filter": "resource.type=\"k8s_node\" AND metric.type=\"kubernetes.io/node/pid_used\"",
                  "aggregation": {
                    "perSeriesAligner": "ALIGN_COUNT",
                    "crossSeriesReducer": "REDUCE_SUM",
                    "groupByFields": [
                      "resource.labels.location",
                      "resource.labels.cluster_name",
                      "resource.labels.node_name"
                    ]
                  }
                },
                "unitOverride": "1"
              },
              "plotType": "LINE"
            }
          ],
          "timeshiftDuration": "0s"
        }
     }
    ]
  }
}  

