{
  "displayName": "NOC_Performance_One",
  "gridLayout": {
    "columns": "3",
    "widgets": [
      {
        "title": "BIGQuery query count MIN",
        "xyChart": {
          "dataSets": [
            {
              "timeSeriesQuery": {
                "timeSeriesFilter": {
                  "filter": "resource.type=\"bigquery_project\" AND metric.type=\"bigquery.googleapis.com/query/count\"",
                  "aggregation": {
                    "perSeriesAligner": "ALIGN_MIN",
                    "crossSeriesReducer": "REDUCE_MIN",
                    "groupByFields": [
                      "metric.labels.priority"
                    ]
                  }
                },
                "unitOverride": "1"
              },
              "plotType": "LINE"
            }
          ],
          "timeshiftDuration": "0s"
        }
      },
      {
        "title": "BIGQuery query count MAX",
        "xyChart": {
          "dataSets": [
            {
              "timeSeriesQuery": {
                "timeSeriesFilter": {
                  "filter": "resource.type=\"bigquery_project\" AND metric.type=\"bigquery.googleapis.com/query/count\"",
                  "aggregation": {
                    "perSeriesAligner": "ALIGN_MAX",
                    "crossSeriesReducer": "REDUCE_MAX",
                    "groupByFields": [
                      "metric.labels.priority"
                    ]
                  }
                },
                "unitOverride": "1"
              },
              "plotType": "LINE"
            }
          ],
          "timeshiftDuration": "0s"
        }
      },
      {
        "title": "BIGQuery query count MEAN",
        "xyChart": {
          "dataSets": [
            {
              "timeSeriesQuery": {
                "timeSeriesFilter": {
                  "filter": "resource.type=\"bigquery_project\" AND metric.type=\"bigquery.googleapis.com/query/count\"",
                  "aggregation": {
                    "perSeriesAligner": "ALIGN_MEAN",
                    "crossSeriesReducer": "REDUCE_MEAN",
                    "groupByFields": [
                      "metric.labels.priority"
                    ]
                  }
                },
                "unitOverride": "1"
              },
              "plotType": "LINE"
            }
          ],
          "timeshiftDuration": "0s"
        }
      },
      {
        "title": "BIGQuery query count SUM",
        "xyChart": {
          "dataSets": [
            {
              "timeSeriesQuery": {
                "timeSeriesFilter": {
                  "filter": "resource.type=\"bigquery_project\" AND metric.type=\"bigquery.googleapis.com/query/count\"",
                  "aggregation": {
                    "perSeriesAligner": "ALIGN_SUM",
                    "crossSeriesReducer": "REDUCE_SUM",
                    "groupByFields": [
                      "metric.labels.priority"
                    ]
                  }
                },
                "unitOverride": "1"
              },
              "plotType": "LINE"
            }
          ],
          "timeshiftDuration": "0s"
        }
      },
      {
        "title": "BIGQuery query count 99_Percentile",
        "xyChart": {
          "dataSets": [
            {
              "timeSeriesQuery": {
                "timeSeriesFilter": {
                  "filter": "resource.type=\"bigquery_project\" AND metric.type=\"bigquery.googleapis.com/query/count\"",
                  "aggregation": {
                    "perSeriesAligner": "ALIGN_SUM",
                    "crossSeriesReducer": "REDUCE_PERCENTILE_99",
                    "groupByFields": [
                      "metric.labels.priority"
                    ]
                  }
                },
                "unitOverride": "1"
              },
              "plotType": "LINE"
            }
          ],
          "timeshiftDuration": "0s"
        }
      },
      {
        "title": "BIGQuery slots allocated/utilized MIN",
        "xyChart": {
          "dataSets": [
            {
              "timeSeriesQuery": {
                "timeSeriesFilter": {
                  "filter": "resource.type=\"bigquery_project\" AND metric.type=\"bigquery.googleapis.com/slots/allocated\"",
                  "aggregation": {
                    "perSeriesAligner": "ALIGN_MIN"
                  }
                },
                "unitOverride": "1"
              },
              "plotType": "LINE"
            }
          ],
          "timeshiftDuration": "0s"
        }
      },
      {
        "title": "BIGQuery slots allocated/utilized MAX",
        "xyChart": {
          "dataSets": [
            {
              "timeSeriesQuery": {
                "timeSeriesFilter": {
                  "filter": "resource.type=\"bigquery_project\" AND metric.type=\"bigquery.googleapis.com/slots/allocated\"",
                  "aggregation": {
                    "perSeriesAligner": "ALIGN_MAX"
                  }
                },
                "unitOverride": "1"
              },
              "plotType": "LINE"
            }
          ],
          "timeshiftDuration": "0s"
        }
      },
      {
        "title": "BIGQuery slots allocated/utilized MEAN",
        "xyChart": {
          "dataSets": [
            {
              "timeSeriesQuery": {
                "timeSeriesFilter": {
                  "filter": "resource.type=\"bigquery_project\" AND metric.type=\"bigquery.googleapis.com/slots/allocated\"",
                  "aggregation": {
                    "perSeriesAligner": "ALIGN_MEAN"
                  }
                },
                "unitOverride": "1"
              },
              "plotType": "LINE"
            }
          ],
          "timeshiftDuration": "0s"
        }
      },
      {
        "title": "BIGQuery allocated/utilized SUM",
        "xyChart": {
          "dataSets": [
            {
              "timeSeriesQuery": {
                "timeSeriesFilter": {
                  "filter": "resource.type=\"bigquery_project\" AND metric.type=\"bigquery.googleapis.com/slots/allocated\"",
                  "aggregation": {
                    "perSeriesAligner": "ALIGN_SUM"
                  }
                },
                "unitOverride": "1"
              },
              "plotType": "LINE"
            }
          ],
          "timeshiftDuration": "0s"
        }
      },
      {
        "title": "BIGQuery Execution/response time SUM",
        "xyChart": {
          "dataSets": [
            {
              "timeSeriesQuery": {
                "timeSeriesFilter": {
                  "filter": "resource.type=\"bigquery_project\" AND metric.type=\"bigquery.googleapis.com/query/execution_times\"",
                  "aggregation": {
                    "perSeriesAligner": "ALIGN_SUM"
                  }
                },
                "unitOverride": "1"
              },
              "plotType": "LINE"
            }
          ],
          "timeshiftDuration": "0s"
        }
      },
      {
        "title": "BIGQuery Execution/response time 99_Percentile",
        "xyChart": {
          "dataSets": [
            {
              "timeSeriesQuery": {
                "timeSeriesFilter": {
                  "filter": "resource.type=\"bigquery_project\" AND metric.type=\"bigquery.googleapis.com/query/execution_times\"",
                  "aggregation": {
                    "perSeriesAligner": "ALIGN_PERCENTILE_99"
                  }
                },
                "unitOverride": "1"
              },
              "plotType": "LINE"
            }
          ],
          "timeshiftDuration": "0s"
        }
      },
      {
        "title": "CPU utilization MIN",
        "xyChart": {
          "dataSets": [
            {
              "timeSeriesQuery": {
                "timeSeriesFilter": {
                  "filter": "resource.type=\"gce_instance\" AND metric.type=\"compute.googleapis.com/instance/cpu/utilization\"",
                  "aggregation": {
                    "perSeriesAligner": "ALIGN_MIN",
		    "crossSeriesReducer": "REDUCE_MIN",
                    "groupByFields": [
                      "metric.labels.instance_name"
                    ]
                  }
                },
                "unitOverride": "1"
              },
              "plotType": "LINE"
            }
          ],
          "timeshiftDuration": "0s"
        }
      },
      {
        "title": "CPU utilization MAX",
        "xyChart": {
          "dataSets": [
            {
              "timeSeriesQuery": {
                "timeSeriesFilter": {
                  "filter": "resource.type=\"gce_instance\" AND metric.type=\"compute.googleapis.com/instance/cpu/utilization\"",
                  "aggregation": {
                    "perSeriesAligner": "ALIGN_MAX",
		    "crossSeriesReducer": "REDUCE_MAX",
                    "groupByFields": [
                      "metric.labels.instance_name"
                    ]
                  }
                },
                "unitOverride": "1"
              },
              "plotType": "LINE"
            }
          ],
          "timeshiftDuration": "0s"
        }
      },
      {
        "title": "CPU utilization MEAN",
        "xyChart": {
          "dataSets": [
            {
              "timeSeriesQuery": {
                "timeSeriesFilter": {
                  "filter": "resource.type=\"gce_instance\" AND metric.type=\"compute.googleapis.com/instance/cpu/utilization\"",
                  "aggregation": {
                    "perSeriesAligner": "ALIGN_MEAN",
		    "crossSeriesReducer": "REDUCE_MEAN",
                    "groupByFields": [
                      "metric.labels.instance_name"
                    ]
                  }
                },
                "unitOverride": "1"
              },
              "plotType": "LINE"
            }
          ],
          "timeshiftDuration": "0s"
        }
      },
      {
        "title": "CPU utilization SUM",
        "xyChart": {
          "dataSets": [
            {
              "timeSeriesQuery": {
                "timeSeriesFilter": {
                  "filter": "resource.type=\"gce_instance\" AND metric.type=\"compute.googleapis.com/instance/cpu/utilization\"",
                  "aggregation": {
                    "perSeriesAligner": "ALIGN_SUM",
		    "crossSeriesReducer": "REDUCE_SUM",
                    "groupByFields": [
                      "metric.labels.instance_name"
                    ]
                  }
                },
                "unitOverride": "1"
              },
              "plotType": "LINE"
            }
          ],
          "timeshiftDuration": "0s"
        }
      },
      {
        "title": "Memory utilization MIN",
        "xyChart": {
          "dataSets": [
            {
              "timeSeriesQuery": {
                "timeSeriesFilter": {
                  "filter": "resource.type=\"gce_instance\" AND metric.type=\"compute.googleapis.com/guest/memory/anonymous_used\"",
                  "aggregation": {
                    "perSeriesAligner": "ALIGN_MIN",
                    "crossSeriesReducer": "REDUCE_MIN",
                    "groupByFields": [
                      "metric.labels.instance_name"
                    ]
                  }
                },
                "unitOverride": "1"
              },
              "plotType": "LINE"
            }
          ],
          "timeshiftDuration": "0s"
        }
      },
      {
        "title": "Memory utilization MEAN",
        "xyChart": {
          "dataSets": [
            {
              "timeSeriesQuery": {
                "timeSeriesFilter": {
                  "filter": "resource.type=\"gce_instance\" AND metric.type=\"compute.googleapis.com/guest/memory/anonymous_used\"",
                  "aggregation": {
                    "perSeriesAligner": "ALIGN_MEAN",
                    "crossSeriesReducer": "REDUCE_MEAN",
                    "groupByFields": [
                      "metric.labels.instance_name"
                    ]
                  }
                },
                "unitOverride": "1"
              },
              "plotType": "LINE"
            }
          ],
          "timeshiftDuration": "0s"
        }
      },
      {
        "title": "Memory utilization MAX",
        "xyChart": {
          "dataSets": [
            {
              "timeSeriesQuery": {
                "timeSeriesFilter": {
                  "filter": "resource.type=\"gce_instance\" AND metric.type=\"compute.googleapis.com/guest/memory/anonymous_used\"",
                  "aggregation": {
                    "perSeriesAligner": "ALIGN_MAX",
                    "crossSeriesReducer": "REDUCE_MAX",
                    "groupByFields": [
                      "metric.labels.instance_name"
                    ]
                  }
                },
                "unitOverride": "1"
              },
              "plotType": "LINE"
            }
          ],
          "timeshiftDuration": "0s"
        }
      },
      {
        "title": "Memory utilization SUM",
        "xyChart": {
          "dataSets": [
            {
              "timeSeriesQuery": {
                "timeSeriesFilter": {
                  "filter": "resource.type=\"gce_instance\" AND metric.type=\"compute.googleapis.com/guest/memory/anonymous_used\"",
                  "aggregation": {
                    "perSeriesAligner": "ALIGN_SUM",
                    "crossSeriesReducer": "REDUCE_SUM",
                    "groupByFields": [
                      "metric.labels.instance_name"
                    ]
                  }
                },
                "unitOverride": "1"
              },
              "plotType": "LINE"
            }
          ],
          "timeshiftDuration": "0s"
        }
      },
      {
        "title": "Container cpu request utilization MIN",
        "xyChart": {
          "dataSets": [
            {
              "timeSeriesQuery": {
                "timeSeriesFilter": {
                  "filter": "resource.type=\"k8s_container\" AND metric.type=\"kubernetes.io/container/cpu/request_utilization\"",
                  "aggregation": {
                    "perSeriesAligner": "ALIGN_MIN",
                    "crossSeriesReducer": "REDUCE_MIN",
                    "groupByFields": [
                      "resource.labels.location",
                      "resource.labels.cluster_name",
                      "resource.labels.pod_name",
                      "resource.labels.namespace_name",
                      "resource.labels.container_name"
                    ]
                  }
                },
                "unitOverride": "1"
              },
              "plotType": "LINE"
            }
          ],
          "timeshiftDuration": "0s"
        }
      },
      {
        "title": "Container cpu request utilization MEAN",
        "xyChart": {
          "dataSets": [
            {
              "timeSeriesQuery": {
                "timeSeriesFilter": {
                  "filter": "resource.type=\"k8s_container\" AND metric.type=\"kubernetes.io/container/cpu/request_utilization\"",
                  "aggregation": {
                    "perSeriesAligner": "ALIGN_MEAN",
                    "crossSeriesReducer": "REDUCE_MEAN",
                    "groupByFields": [
                      "resource.labels.location",
                      "resource.labels.cluster_name",
                      "resource.labels.pod_name",
                      "resource.labels.namespace_name",
                      "resource.labels.container_name"
                    ]
                  }
                },
                "unitOverride": "1"
              },
              "plotType": "LINE"
            }
          ],
          "timeshiftDuration": "0s"
        }
      },
      {
        "title": "Container cpu request utilization MAX",
        "xyChart": {
          "dataSets": [
            {
              "timeSeriesQuery": {
                "timeSeriesFilter": {
                  "filter": "resource.type=\"k8s_container\" AND metric.type=\"kubernetes.io/container/cpu/request_utilization\"",
                  "aggregation": {
                    "perSeriesAligner": "ALIGN_MAX",
                    "crossSeriesReducer": "REDUCE_MAX",
                    "groupByFields": [
                      "resource.labels.location",
                      "resource.labels.cluster_name",
                      "resource.labels.pod_name",
                      "resource.labels.namespace_name",
                      "resource.labels.container_name"
                    ]
                  }
                },
                "unitOverride": "1"
              },
              "plotType": "LINE"
            }
          ],
          "timeshiftDuration": "0s"
        }
      },
      {
        "title": "Container cpu limit utilization MIN",
        "xyChart": {
          "dataSets": [
            {
              "timeSeriesQuery": {
                "timeSeriesFilter": {
                  "filter": "resource.type=\"k8s_container\" AND metric.type=\"kubernetes.io/container/cpu/limit_utilization\"",
                  "aggregation": {
                    "perSeriesAligner": "ALIGN_MIN",
                    "crossSeriesReducer": "REDUCE_MIN",
                    "groupByFields": [
                      "resource.labels.location",
                      "resource.labels.cluster_name",
                      "resource.labels.pod_name",
                      "resource.labels.namespace_name",
                      "resource.labels.container_name"
                    ]
                  }
                },
                "unitOverride": "1"
              },
              "plotType": "LINE"
            }
          ],
          "timeshiftDuration": "0s"
        }
      },
      {
        "title": "Container cpu limit utilization MEAN",
        "xyChart": {
          "dataSets": [
            {
              "timeSeriesQuery": {
                "timeSeriesFilter": {
                  "filter": "resource.type=\"k8s_container\" AND metric.type=\"kubernetes.io/container/cpu/limit_utilization\"",
                  "aggregation": {
                    "perSeriesAligner": "ALIGN_MEAN",
                    "crossSeriesReducer": "REDUCE_MEAN",
                    "groupByFields": [
                      "resource.labels.location",
                      "resource.labels.cluster_name",
                      "resource.labels.pod_name",
                      "resource.labels.namespace_name",
                      "resource.labels.container_name"
                    ]
                  }
                },
                "unitOverride": "1"
              },
              "plotType": "LINE"
            }
          ],
          "timeshiftDuration": "0s"
        }
      },
      {
        "title": "Container cpu limit utilization MAX",
        "xyChart": {
          "dataSets": [
            {
              "timeSeriesQuery": {
                "timeSeriesFilter": {
                  "filter": "resource.type=\"k8s_container\" AND metric.type=\"kubernetes.io/container/cpu/limit_utilization\"",
                  "aggregation": {
                    "perSeriesAligner": "ALIGN_MAX",
                    "crossSeriesReducer": "REDUCE_MAX",
                    "groupByFields": [
                      "resource.labels.location",
                      "resource.labels.cluster_name",
                      "resource.labels.pod_name",
                      "resource.labels.namespace_name",
                      "resource.labels.container_name"
                    ]
                  }
                },
                "unitOverride": "1"
              },
              "plotType": "LINE"
            }
          ],
          "timeshiftDuration": "0s"
        }
      },
      {
        "title": "Container cpu Usage time MIN",
        "xyChart": {
          "dataSets": [
            {
              "timeSeriesQuery": {
                "timeSeriesFilter": {
                  "filter": "resource.type=\"k8s_container\" AND metric.type=\"kubernetes.io/container/cpu/core_usage_time\"",
                  "aggregation": {
                    "perSeriesAligner": "ALIGN_RATE",
                    "crossSeriesReducer": "REDUCE_MIN",
                    "groupByFields": [
                      "resource.labels.location",
                      "resource.labels.cluster_name",
                      "resource.labels.pod_name",
                      "resource.labels.namespace_name",
                      "resource.labels.container_name"
                    ]
                  }
                },
                "unitOverride": "1"
              },
              "plotType": "LINE"
            }
          ],
          "timeshiftDuration": "0s"
        }
      },
      {
        "title": "Container cpu Usage time MEAN",
        "xyChart": {
          "dataSets": [
            {
              "timeSeriesQuery": {
                "timeSeriesFilter": {
                  "filter": "resource.type=\"k8s_container\" AND metric.type=\"kubernetes.io/container/cpu/core_usage_time\"",
                  "aggregation": {
                    "perSeriesAligner": "ALIGN_RATE",
                    "crossSeriesReducer": "REDUCE_MEAN",
                    "groupByFields": [
                      "resource.labels.location",
                      "resource.labels.cluster_name",
                      "resource.labels.pod_name",
                      "resource.labels.namespace_name",
                      "resource.labels.container_name"
                    ]
                  }
                },
                "unitOverride": "1"
              },
              "plotType": "LINE"
            }
          ],
          "timeshiftDuration": "0s"
        }
      },
      {
        "title": "Container cpu Usage time MAX",
        "xyChart": {
          "dataSets": [
            {
              "timeSeriesQuery": {
                "timeSeriesFilter": {
                  "filter": "resource.type=\"k8s_container\" AND metric.type=\"kubernetes.io/container/cpu/core_usage_time\"",
                  "aggregation": {
                    "perSeriesAligner": "ALIGN_RATE",
                    "crossSeriesReducer": "REDUCE_MAX",
                    "groupByFields": [
                      "resource.labels.location",
                      "resource.labels.cluster_name",
                      "resource.labels.pod_name",
                      "resource.labels.namespace_name",
                      "resource.labels.container_name"
                    ]
                  }
                },
                "unitOverride": "1"
              },
              "plotType": "LINE"
            }
          ],
          "timeshiftDuration": "0s"
        }
      },
      {
        "title": "Container Ephemeral storage limit MIN",
        "xyChart": {
          "dataSets": [
            {
              "timeSeriesQuery": {
                "timeSeriesFilter": {
                  "filter": "resource.type=\"k8s_container\" AND metric.type=\"kubernetes.io/container/ephemeral_storage/limit_bytes\"",
                  "aggregation": {
                    "perSeriesAligner": "ALIGN_MIN",
                    "crossSeriesReducer": "REDUCE_MIN",
                    "groupByFields": [
                      "resource.labels.location",
                      "resource.labels.cluster_name",
                      "resource.labels.pod_name",
                      "resource.labels.namespace_name",
                      "resource.labels.container_name"
                    ]
                  }
                },
                "unitOverride": "1"
              },
              "plotType": "LINE"
            }
          ],
          "timeshiftDuration": "0s"
        }
      },
      {
        "title": "Container Ephemeral storage limit MEAN",
        "xyChart": {
          "dataSets": [
            {
              "timeSeriesQuery": {
                "timeSeriesFilter": {
                  "filter": "resource.type=\"k8s_container\" AND metric.type=\"kubernetes.io/container/ephemeral_storage/limit_bytes\"",
                  "aggregation": {
                    "perSeriesAligner": "ALIGN_MEAN",
                    "crossSeriesReducer": "REDUCE_MEAN",
                    "groupByFields": [
                      "resource.labels.location",
                      "resource.labels.cluster_name",
                      "resource.labels.pod_name",
                      "resource.labels.namespace_name",
                      "resource.labels.container_name"
                    ]
                  }
                },
                "unitOverride": "1"
              },
              "plotType": "LINE"
            }
          ],
          "timeshiftDuration": "0s"
        }
      },
      {
        "title": "Container Ephemeral storage limit MAX",
        "xyChart": {
          "dataSets": [
            {
              "timeSeriesQuery": {
                "timeSeriesFilter": {
                  "filter": "resource.type=\"k8s_container\" AND metric.type=\"kubernetes.io/container/ephemeral_storage/limit_bytes\"",
                  "aggregation": {
                    "perSeriesAligner": "ALIGN_MAX",
                    "crossSeriesReducer": "REDUCE_MAX",
                    "groupByFields": [
                      "resource.labels.location",
                      "resource.labels.cluster_name",
                      "resource.labels.pod_name",
                      "resource.labels.namespace_name",
                      "resource.labels.container_name"
                    ]
                  }
                },
                "unitOverride": "1"
              },
              "plotType": "LINE"
            }
          ],
          "timeshiftDuration": "0s"
      }
     },
     {
        "title": "Container Ephemeral storage request MIN",
        "xyChart": {
          "dataSets": [
            {
              "timeSeriesQuery": {
                "timeSeriesFilter": {
                  "filter": "resource.type=\"k8s_container\" AND metric.type=\"kubernetes.io/container/ephemeral_storage/request_bytes\"",
                  "aggregation": {
                    "perSeriesAligner": "ALIGN_MIN",
                    "crossSeriesReducer": "REDUCE_MIN",
                    "groupByFields": [
                      "resource.labels.location",
                      "resource.labels.cluster_name",
                      "resource.labels.pod_name",
                      "resource.labels.namespace_name",
                      "resource.labels.container_name"
                    ]
                  }
                },
                "unitOverride": "1"
              },
              "plotType": "LINE"
            }
          ],
          "timeshiftDuration": "0s"
        }
      },
      {
        "title": "Container Ephemeral storage request MEAN",
        "xyChart": {
          "dataSets": [
            {
              "timeSeriesQuery": {
                "timeSeriesFilter": {
                  "filter": "resource.type=\"k8s_container\" AND metric.type=\"kubernetes.io/container/ephemeral_storage/request_bytes\"",
                  "aggregation": {
                    "perSeriesAligner": "ALIGN_MEAN",
                    "crossSeriesReducer": "REDUCE_MEAN",
                    "groupByFields": [
                      "resource.labels.location",
                      "resource.labels.cluster_name",
                      "resource.labels.pod_name",
                      "resource.labels.namespace_name",
                      "resource.labels.container_name"
                    ]
                  }
                },
                "unitOverride": "1"
              },
              "plotType": "LINE"
            }
          ],
          "timeshiftDuration": "0s"
        }
      },
      {
        "title": "Container Ephemeral storage request MAX",
        "xyChart": {
          "dataSets": [
            {
              "timeSeriesQuery": {
                "timeSeriesFilter": {
                  "filter": "resource.type=\"k8s_container\" AND metric.type=\"kubernetes.io/container/ephemeral_storage/request_bytes\"",
                  "aggregation": {
                    "perSeriesAligner": "ALIGN_MAX",
                    "crossSeriesReducer": "REDUCE_MAX",
                    "groupByFields": [
                      "resource.labels.location",
                      "resource.labels.cluster_name",
                      "resource.labels.pod_name",
                      "resource.labels.namespace_name",
                      "resource.labels.container_name"
                    ]
                  }
                },
                "unitOverride": "1"
              },
              "plotType": "LINE"
            }
          ],
          "timeshiftDuration": "0s"
        }
      },
      {
        "title": "Container Ephemeral storage usage MIN",
        "xyChart": {
          "dataSets": [
            {
              "timeSeriesQuery": {
                "timeSeriesFilter": {
                  "filter": "resource.type=\"k8s_container\" AND metric.type=\"kubernetes.io/container/ephemeral_storage/used_bytes\"",
                  "aggregation": {
                    "perSeriesAligner": "ALIGN_MIN",
                    "crossSeriesReducer": "REDUCE_MIN",
                    "groupByFields": [
                      "resource.labels.location",
                      "resource.labels.cluster_name",
                      "resource.labels.pod_name",
                      "resource.labels.namespace_name",
                      "resource.labels.container_name"
                    ]
                  }
                },
                "unitOverride": "1"
              },
              "plotType": "LINE"
            }
          ],
          "timeshiftDuration": "0s"
        }
      },
      {
        "title": "Container Ephemeral storage usage MEAN",
        "xyChart": {
          "dataSets": [
            {
              "timeSeriesQuery": {
                "timeSeriesFilter": {
                  "filter": "resource.type=\"k8s_container\" AND metric.type=\"kubernetes.io/container/ephemeral_storage/used_bytes\"",
                  "aggregation": {
                    "perSeriesAligner": "ALIGN_MEAN",
                    "crossSeriesReducer": "REDUCE_MEAN",
                    "groupByFields": [
                      "resource.labels.location",
                      "resource.labels.cluster_name",
                      "resource.labels.pod_name",
                      "resource.labels.namespace_name",
                      "resource.labels.container_name"
                    ]
                  }
                },
                "unitOverride": "1"
              },
              "plotType": "LINE"
            }
          ],
          "timeshiftDuration": "0s"
        }
      },
      {
        "title": "Container Ephemeral storage usage MAX",
        "xyChart": {
          "dataSets": [
            {
              "timeSeriesQuery": {
                "timeSeriesFilter": {
                  "filter": "resource.type=\"k8s_container\" AND metric.type=\"kubernetes.io/container/ephemeral_storage/used_bytes\"",
                  "aggregation": {
                    "perSeriesAligner": "ALIGN_MAX",
                    "crossSeriesReducer": "REDUCE_MAX",
                    "groupByFields": [
                      "resource.labels.location",
                      "resource.labels.cluster_name",
                      "resource.labels.pod_name",
                      "resource.labels.namespace_name",
                      "resource.labels.container_name"
                    ]
                  }
                },
                "unitOverride": "1"
              },
              "plotType": "LINE"
            }
          ],
          "timeshiftDuration": "0s"
	}
     },
     {
        "title": "Container Memory request utilization MIN",
        "xyChart": {
          "dataSets": [
            {
              "timeSeriesQuery": {
                "timeSeriesFilter": {
                  "filter": "resource.type=\"k8s_container\" AND metric.type=\"kubernetes.io/container/memory/request_utilization\"",
                  "aggregation": {
                    "perSeriesAligner": "ALIGN_MIN",
                    "crossSeriesReducer": "REDUCE_MIN",
                    "groupByFields": [
                      "resource.labels.location",
                      "resource.labels.cluster_name",
                      "resource.labels.pod_name",
                      "resource.labels.namespace_name",
                      "resource.labels.container_name"
                    ]
                  }
                },
                "unitOverride": "1"
              },
              "plotType": "LINE"
            }
          ],
          "timeshiftDuration": "0s"
        }
      },
      {
        "title": "Container Memory request utilization MEAN",
        "xyChart": {
          "dataSets": [
            {
              "timeSeriesQuery": {
                "timeSeriesFilter": {
                  "filter": "resource.type=\"k8s_container\" AND metric.type=\"kubernetes.io/container/memory/request_utilization\"",
                  "aggregation": {
                    "perSeriesAligner": "ALIGN_MEAN",
                    "crossSeriesReducer": "REDUCE_MEAN",
                    "groupByFields": [
                      "resource.labels.location",
                      "resource.labels.cluster_name",
                      "resource.labels.pod_name",
                      "resource.labels.namespace_name",
                      "resource.labels.container_name"
                    ]
                  }
                },
                "unitOverride": "1"
              },
              "plotType": "LINE"
            }
          ],
          "timeshiftDuration": "0s"
        }
      },
      {
        "title": "Container Memory request utilization MAX",
        "xyChart": {
          "dataSets": [
            {
              "timeSeriesQuery": {
                "timeSeriesFilter": {
                  "filter": "resource.type=\"k8s_container\" AND metric.type=\"kubernetes.io/container/memory/request_utilization\"",
                  "aggregation": {
                    "perSeriesAligner": "ALIGN_MAX",
                    "crossSeriesReducer": "REDUCE_MAX",
                    "groupByFields": [
                      "resource.labels.location",
                      "resource.labels.cluster_name",
                      "resource.labels.pod_name",
                      "resource.labels.namespace_name",
                      "resource.labels.container_name"
                    ]
                  }
                },
                "unitOverride": "1"
              },
              "plotType": "LINE"
            }
          ],
          "timeshiftDuration": "0s"
        }
      }
    ]
  }
}  
