{
  "displayName": "NOC_Backend",
  "gridLayout": {
    "columns": "3",
    "widgets": [
     {
        "title": "PUB SUB Unacked Messages ",
        "xyChart": {
          "dataSets": [
            {
              "timeSeriesQuery": {
                "timeSeriesFilter": {
                  "filter": "resource.type=\"pubsub_subscription\" AND metric.type=\"pubsub.googleapis.com/subscription/num_undelivered_messages\"",
                  "aggregation": {
                    "perSeriesAligner": "ALIGN_MEAN",
                    "crossSeriesReducer": "REDUCE_MEAN",
                    "groupByFields": [
                      "metadata.system_labels.name"
                    ]
                  }
                },
                "unitOverride": "1"
              },
              "plotType": "LINE"
            }
          ],
          "timeshiftDuration": "0s"
        }
      },
     {
        "title": "PUB SUB Oldest unacked message age",
        "xyChart": {
          "dataSets": [
            {
              "timeSeriesQuery": {
                "timeSeriesFilter": {
                  "filter": "resource.type=\"pubsub_subscription\" AND metric.type=\"pubsub.googleapis.com/subscription/oldest_unacked_message_age\"",
                  "aggregation": {
                    "perSeriesAligner": "ALIGN_MEAN",
                    "crossSeriesReducer": "REDUCE_MEAN",
                    "groupByFields": [
                      "metadata.system_labels.name"
                    ]
                  }
                },
                "unitOverride": "1"
              },
              "plotType": "LINE"
            }
          ],
          "timeshiftDuration": "0s"
        }
      },
     {
        "title": "PUB SUB Outstanding PUSH Messages",
        "xyChart": {
          "dataSets": [
            {
              "timeSeriesQuery": {
                "timeSeriesFilter": {
                  "filter": "resource.type=\"pubsub_subscription\" AND metric.type=\"pubsub.googleapis.com/subscription/num_outstanding_messages\"",
                  "aggregation": {
                    "perSeriesAligner": "ALIGN_MEAN",
                    "crossSeriesReducer": "REDUCE_MEAN",
                    "groupByFields": [
                      "metadata.system_labels.name"
                    ]
                  }
                },
                "unitOverride": "1"
              },
              "plotType": "LINE"
            }
          ],
          "timeshiftDuration": "0s"
        }
      },
      {
        "title": "PUB SUB Topic Publish Reruests",
        "xyChart": {
          "dataSets": [
            {
              "timeSeriesQuery": {
                "timeSeriesFilter": {
                  "filter": "resource.type=\"pubsub_topic\" AND metric.type=\"pubsub.googleapis.com/topic/send_request_count\"",
                  "aggregation": {
                    "perSeriesAligner": "ALIGN_MEAN",
		    "crossSeriesReducer": "REDUCE_MEAN",
                    "groupByFields": [
                      "metadata.system_labels.name"
		    ]
                  }
                },
                "unitOverride": "1"
              },
              "plotType": "LINE"
            }
          ],
          "timeshiftDuration": "0s"
        }
      },
     {
        "title": "PUBSUB Unacked Messages by region",
        "xyChart": {
          "dataSets": [
            {
              "timeSeriesQuery": {
                "timeSeriesFilter": {
                  "filter": "resource.type=\"pubsub_topic\" AND metric.type=\"pubsub.googleapis.com/topic/num_unacked_messages_by_region\"",
                  "aggregation": {
                    "perSeriesAligner": "ALIGN_MEAN",
                    "crossSeriesReducer": "REDUCE_MEAN",
                    "groupByFields": [
                      "metric.labels.region"
                    ]
                  }
                },
                "unitOverride": "1"
              },
              "plotType": "LINE"
            }
          ],
          "timeshiftDuration": "0s"
        }
      },
     {
        "title": "BIGQuery Job count",
        "xyChart": {
          "dataSets": [
            {
              "timeSeriesQuery": {
                "timeSeriesFilter": {
                  "filter": "resource.type=\"bigquery_project\" AND metric.type=\"bigquery.googleapis.com/job/num_in_flight\"",
                  "aggregation": {
                    "perSeriesAligner": "ALIGN_MEAN",
                    "crossSeriesReducer": "REDUCE_MEAN",
                    "groupByFields": [
                      "metric.labels.job_type"
                    ]
                  }
                },
                "unitOverride": "1"
              },
              "plotType": "LINE"
            }
          ],
          "timeshiftDuration": "0s"
        }
      },
     {
        "title": "BIGQuery scanned bytes",
        "xyChart": {
          "dataSets": [
            {
              "timeSeriesQuery": {
                "timeSeriesFilter": {
                  "filter": "resource.type=\"global\" AND metric.type=\"bigquery.googleapis.com/query/scanned_bytes\"",
                  "aggregation": {
                    "perSeriesAligner": "ALIGN_MEAN",
                    "crossSeriesReducer": "REDUCE_MEAN",
                    "groupByFields": [
                      "metric.labels.priority"
                    ]
                  }
                },
                "unitOverride": "1"
              },
              "plotType": "LINE"
            }
          ],
          "timeshiftDuration": "0s"
        }
      },
     {
        "title": "BIGQuery stored bytes",
        "xyChart": {
          "dataSets": [
            {
              "timeSeriesQuery": {
                "timeSeriesFilter": {
                  "filter": "resource.type=\"bigquery_dataset\" AND metric.type=\"bigquery.googleapis.com/storage/stored_bytes\"",
                  "aggregation": {
                    "perSeriesAligner": "ALIGN_MEAN",
                    "crossSeriesReducer": "REDUCE_MEAN",
                    "groupByFields": [
                      "metric.labels.table"
                    ]
                  }
                },
                "unitOverride": "1"
              },
              "plotType": "LINE"
            }
          ],
          "timeshiftDuration": "0s"
        }
      },
     {
        "title": "BIGQuery Total tables",
        "xyChart": {
          "dataSets": [
            {
              "timeSeriesQuery": {
                "timeSeriesFilter": {
                  "filter": "resource.type=\"bigquery_dataset\" AND metric.type=\"bigquery.googleapis.com/storage/table_count\"",
                  "aggregation": {
                    "perSeriesAligner": "ALIGN_MEAN"
                  }
                },
                "unitOverride": "1"
              },
              "plotType": "LINE"
            }
          ],
          "timeshiftDuration": "0s"
        }
      },
     {
        "title": "BIGQuery uploaded bytes",
        "xyChart": {
          "dataSets": [
            {
              "timeSeriesQuery": {
                "timeSeriesFilter": {
                  "filter": "resource.type=\"bigquery_dataset\" AND metric.type=\"bigquery.googleapis.com/storage/uploaded_bytes\"",
                  "aggregation": {
                    "perSeriesAligner": "ALIGN_MEAN",
                    "crossSeriesReducer": "REDUCE_MEAN",
                    "groupByFields": [
                      "metric.labels.table"
                    ]
                  }
                },
                "unitOverride": "1"
              },
              "plotType": "LINE"
            }
          ],
          "timeshiftDuration": "0s"
        }
      },
     {
        "title": "Dataflow Data watermark lag",
        "xyChart": {
          "dataSets": [
            {
              "timeSeriesQuery": {
                "timeSeriesFilter": {
                  "filter": "resource.type=\"dataflow_job\" AND metric.type=\"dataflow.googleapis.com/job/data_watermark_age\"",
                  "aggregation": {
                    "perSeriesAligner": "ALIGN_MEAN",
                    "crossSeriesReducer": "REDUCE_MEAN",
                    "groupByFields": [
                      "metric.labels.job_id"
                    ]
                  }
                },
                "unitOverride": "1"
              },
              "plotType": "LINE"
            }
          ],
          "timeshiftDuration": "0s"
        }
     },
     {
        "title": "Dataflow Elapsed time",
        "xyChart": {
          "dataSets": [
            {
              "timeSeriesQuery": {
                "timeSeriesFilter": {
                  "filter": "resource.type=\"dataflow_job\" AND metric.type=\"dataflow.googleapis.com/job/elapsed_time\"",
                  "aggregation": {
                    "perSeriesAligner": "ALIGN_MEAN",
                    "crossSeriesReducer": "REDUCE_MEAN",
                    "groupByFields": [
                      "metric.labels.job_id"
                    ]
                  }
                },
                "unitOverride": "1"
              },
              "plotType": "LINE"
            }
          ],
          "timeshiftDuration": "0s"
        }
     },
     {
        "title": "Dataflow Element count",
        "xyChart": {
          "dataSets": [
            {
              "timeSeriesQuery": {
                "timeSeriesFilter": {
                  "filter": "resource.type=\"dataflow_job\" AND metric.type=\"dataflow.googleapis.com/job/element_count\"",
                  "aggregation": {
                    "perSeriesAligner": "ALIGN_MEAN",
                    "crossSeriesReducer": "REDUCE_MEAN",
                    "groupByFields": [
                      "metric.labels.job_id"
                    ]
                  }
                },
                "unitOverride": "1"
              },
              "plotType": "LINE"
            }
          ],
          "timeshiftDuration": "0s"
        }
     },
     {
        "title": "Dataflow estimated number of bytes added to the pcollection so far",
        "xyChart": {
          "dataSets": [
            {
              "timeSeriesQuery": {
                "timeSeriesFilter": {
                  "filter": "resource.type=\"dataflow_job\" AND metric.type=\"dataflow.googleapis.com/job/estimated_byte_count\"",
                  "aggregation": {
                    "perSeriesAligner": "ALIGN_MEAN",
                    "crossSeriesReducer": "REDUCE_MEAN",
                    "groupByFields": [
                      "metric.labels.job_id"
                    ]
                  }
                },
                "unitOverride": "1"
              },
              "plotType": "LINE"
            }
          ],
          "timeshiftDuration": "0s"
        }
     },
     {
        "title": "Dataflow job failed",
        "xyChart": {
          "dataSets": [
            {
              "timeSeriesQuery": {
                "timeSeriesFilter": {
                  "filter": "resource.type=\"dataflow_job\" AND metric.type=\"dataflow.googleapis.com/job/is_failed\"",
                  "aggregation": {
                    "perSeriesAligner": "ALIGN_MEAN",
                    "crossSeriesReducer": "REDUCE_MEAN",
                    "groupByFields": [
                      "resource.labels.job_name"
                    ]
                  }
                },
                "unitOverride": "1"
              },
              "plotType": "LINE"
            }
          ],
          "timeshiftDuration": "0s"
        }
     },
     {
        "title": "Dataflow PubsubIO.Read requests from Dataflow jobs",
        "xyChart": {
          "dataSets": [
            {
              "timeSeriesQuery": {
                "timeSeriesFilter": {
                  "filter": "resource.type=\"dataflow_job\" AND metric.type=\"dataflow.googleapis.com/job/pubsub/read_count\"",
                  "aggregation": {
                    "perSeriesAligner": "ALIGN_MEAN",
                    "crossSeriesReducer": "REDUCE_MEAN",
                    "groupByFields": [
                      "metric.labels.job_id"
                    ]
                  }
                },
                "unitOverride": "1"
              },
              "plotType": "LINE"
            }
          ],
          "timeshiftDuration": "0s"
        }
     },
     {
        "title": "Dataflow Pub/Sub Pull Request Latencies",
        "xyChart": {
          "dataSets": [
            {
              "timeSeriesQuery": {
                "timeSeriesFilter": {
                  "filter": "resource.type=\"dataflow_job\" AND metric.type=\"dataflow.googleapis.com/job/pubsub/read_latencies\"",
                  "aggregation": {
                    "perSeriesAligner": "ALIGN_SUM",
                    "crossSeriesReducer": "REDUCE_MEAN",
                    "groupByFields": [
                      "metric.labels.job_id"
                    ]
                  }
                },
                "unitOverride": "1"
              },
              "plotType": "LINE"
            }
          ],
          "timeshiftDuration": "0s"
        }
     },
     {
        "title": "Dataflow Pub/Sub Publish Requests",
        "xyChart": {
          "dataSets": [
            {
              "timeSeriesQuery": {
                "timeSeriesFilter": {
                  "filter": "resource.type=\"dataflow_job\" AND metric.type=\"dataflow.googleapis.com/job/pubsub/write_count\"",
                  "aggregation": {
                    "perSeriesAligner": "ALIGN_MEAN",
                    "crossSeriesReducer": "REDUCE_MEAN",
                    "groupByFields": [
                      "metric.labels.job_id"
                    ]
                  }
                },
                "unitOverride": "1"
              },
              "plotType": "LINE"
            }
          ],
          "timeshiftDuration": "0s"
        }
     },
     {
        "title": "Dataflow Pub/Sub Publish Request Latencies",
        "xyChart": {
          "dataSets": [
            {
              "timeSeriesQuery": {
                "timeSeriesFilter": {
                  "filter": "resource.type=\"dataflow_job\" AND metric.type=\"dataflow.googleapis.com/job/pubsub/write_latencies\"",
                  "aggregation": {
                    "perSeriesAligner": "ALIGN_SUM",
                    "crossSeriesReducer": "REDUCE_MEAN",
                    "groupByFields": [
                      "metric.labels.job_id"
                    ]
                  }
                },
                "unitOverride": "1"
              },
              "plotType": "LINE"
            }
          ],
          "timeshiftDuration": "0s"
        }
     },
     {
        "title": "Cloud SQL Queries",
        "xyChart": {
          "dataSets": [
            {
              "timeSeriesQuery": {
                "timeSeriesFilter": {
                  "filter": "resource.type=\"cloudsql_database\" AND metric.type=\"cloudsql.googleapis.com/database/mysql/queries\"",
                  "aggregation": {
                    "perSeriesAligner": "ALIGN_SUM",
                    "crossSeriesReducer": "REDUCE_MEAN",
                    "groupByFields": [
                      "metric.labels.job_id"
                    ]
                  }
                },
                "unitOverride": "1"
              },
              "plotType": "LINE"
            }
          ],
          "timeshiftDuration": "0s"
        }
     },
     {
        "title": "Cloud SQL InnoDB Pages Read/Write",
        "xyChart": {
          "dataSets": [
            {
              "timeSeriesQuery": {
                "timeSeriesFilter": {
                  "filter": "resource.type=\"cloudsql_database\" AND metric.type=\"cloudsql.googleapis.com/database/mysql/innodb_pages_read\"",
                  "aggregation": {
                    "perSeriesAligner": "ALIGN_SUM",
                    "crossSeriesReducer": "REDUCE_MEAN",
                    "groupByFields": [
                      "metric.labels.job_id"
                    ]
                  }
                },
                "unitOverride": "1"
              },
              "plotType": "LINE"
            },
            {
              "timeSeriesQuery": {
                "timeSeriesFilter": {
                  "filter": "resource.type=\"cloudsql_database\" AND metric.type=\"cloudsql.googleapis.com/database/mysql/innodb_pages_written\"",
                  "aggregation": {
                    "perSeriesAligner": "ALIGN_SUM",
                    "crossSeriesReducer": "REDUCE_MEAN",
                    "groupByFields": [
                      "metric.labels.job_id"
                    ]
                  }
                },
                "unitOverride": "1"
              },
              "plotType": "LINE"
            }
          ],
          "timeshiftDuration": "0s"
        }
     },
     {
        "title": "Cloud SQL Network Connections",
        "xyChart": {
          "dataSets": [
            {
              "timeSeriesQuery": {
                "timeSeriesFilter": {
                  "filter": "resource.type=\"cloudsql_database\" AND metric.type=\"cloudsql.googleapis.com/database/network/connections\"",
                  "aggregation": {
                    "perSeriesAligner": "ALIGN_SUM",
                    "crossSeriesReducer": "REDUCE_MEAN",
                    "groupByFields": [
                      "metric.labels.job_id"
                    ]
                  }
                },
                "unitOverride": "1"
              },
              "plotType": "LINE"
            }
          ],
          "timeshiftDuration": "0s"
        }
     },
     {
        "title": "Cloud SQL CPU Utilization",
        "xyChart": {
          "dataSets": [
            {
              "timeSeriesQuery": {
                "timeSeriesFilter": {
                  "filter": "resource.type=\"cloudsql_database\" AND metric.type=\"cloudsql.googleapis.com/database/cpu/utilization\"",
                  "aggregation": {
                    "perSeriesAligner": "ALIGN_SUM",
                    "crossSeriesReducer": "REDUCE_MEAN",
                    "groupByFields": [
                      "metric.labels.job_id"
                    ]
                  }
                },
                "unitOverride": "1"
              },
              "plotType": "LINE"
            }
          ],
          "timeshiftDuration": "0s"
        }
     },
     {
        "title": "Cloud SQL Memory Utilization",
        "xyChart": {
          "dataSets": [
            {
              "timeSeriesQuery": {
                "timeSeriesFilter": {
                  "filter": "resource.type=\"cloudsql_database\" AND metric.type=\"cloudsql.googleapis.com/database/memory/utilization\"",
                  "aggregation": {
                    "perSeriesAligner": "ALIGN_SUM",
                    "crossSeriesReducer": "REDUCE_MEAN",
                    "groupByFields": [
                      "metric.labels.job_id"
                    ]
                  }
                },
                "unitOverride": "1"
              },
              "plotType": "LINE"
            }
          ],
          "timeshiftDuration": "0s"
        }
     },
     {
        "title": "Cloud SQL Disk Utilization",
        "xyChart": {
          "dataSets": [
            {
              "timeSeriesQuery": {
                "timeSeriesFilter": {
                  "filter": "resource.type=\"cloudsql_database\" AND metric.type=\"cloudsql.googleapis.com/database/disk/utilization\"",
                  "aggregation": {
                    "perSeriesAligner": "ALIGN_SUM",
                    "crossSeriesReducer": "REDUCE_MEAN",
                    "groupByFields": [
                      "metric.labels.job_id"
                    ]
                  }
                },
                "unitOverride": "1"
              },
              "plotType": "LINE"
            }
          ],
          "timeshiftDuration": "0s"
        }
     },
     {
        "title": "Cloud SQL Available for Failover",
        "xyChart": {
          "dataSets": [
            {
              "timeSeriesQuery": {
                "timeSeriesFilter": {
                  "filter": "resource.type=\"cloudsql_database\" AND metric.type=\"cloudsql.googleapis.com/database/available_for_failover\"",
                  "aggregation": {
                    "perSeriesAligner": "ALIGN_SUM",
                    "crossSeriesReducer": "REDUCE_MEAN",
                    "groupByFields": [
                      "metric.labels.job_id"
                    ]
                  }
                },
                "unitOverride": "1"
              },
              "plotType": "LINE"
            }
          ],
          "timeshiftDuration": "0s"
        }
     },
     {
        "title": "Cloud Composer Environment health",
        "xyChart": {
          "dataSets": [
            {
              "timeSeriesQuery": {
                "timeSeriesFilter": {
                  "filter": "resource.type=\"cloud_composer_environment\" AND metric.type=\"composer.googleapis.com/environment/healthy\"",
                  "aggregation": {
                    "perSeriesAligner": "ALIGN_COUNT"
                  }
                },
                "unitOverride": "1"
              },
              "plotType": "LINE"
            }
          ],
          "timeshiftDuration": "0s"
        }
     },
     {
        "title": "Cloud Composer Database CPU usage",
        "xyChart": {
          "dataSets": [
            {
              "timeSeriesQuery": {
                "timeSeriesFilter": {
                  "filter": "resource.type=\"cloud_composer_environment\" AND metric.type=\"composer.googleapis.com/environment/database/cpu/usage_time\"",
                  "aggregation": {
                    "perSeriesAligner": "ALIGN_SUM",
                    "crossSeriesReducer": "REDUCE_MEAN",
                    "groupByFields": [
                      "metric.labels.job_id"
                    ]
                  }
                },
                "unitOverride": "1"
              },
              "plotType": "LINE"
            },
            {
              "timeSeriesQuery": {
                "timeSeriesFilter": {
                  "filter": "resource.type=\"cloud_composer_environment\" AND metric.type=\"composer.googleapis.com/environment/database/cpu/reserved_cores\"",
                  "aggregation": {
                    "perSeriesAligner": "ALIGN_SUM",
                    "crossSeriesReducer": "REDUCE_MEAN",
                    "groupByFields": [
                      "metric.labels.job_id"
                    ]
                  }
                },
                "unitOverride": "1"
              },
              "plotType": "LINE"
            }
          ],
          "timeshiftDuration": "0s"
        }
     },
     {
        "title": "Cloud Composer Database memory usage",
        "xyChart": {
          "dataSets": [
            {
              "timeSeriesQuery": {
                "timeSeriesFilter": {
                  "filter": "resource.type=\"cloud_composer_environment\" AND metric.type=\"composer.googleapis.com/environment/database/memory/bytes_used\"",
                  "aggregation": {
                    "perSeriesAligner": "ALIGN_SUM",
                    "crossSeriesReducer": "REDUCE_MEAN",
                    "groupByFields": [
                      "metric.labels.job_id"
                    ]
                  }
                },
                "unitOverride": "1"
              },
              "plotType": "LINE"
            },
            {
              "timeSeriesQuery": {
                "timeSeriesFilter": {
                  "filter": "resource.type=\"cloud_composer_environment\" AND metric.type=\"composer.googleapis.com/environment/database/memory/quota\"",
                  "aggregation": {
                    "perSeriesAligner": "ALIGN_SUM",
                    "crossSeriesReducer": "REDUCE_MEAN",
                    "groupByFields": [
                      "metric.labels.job_id"
                    ]
                  }
                },
                "unitOverride": "1"
              },
              "plotType": "LINE"
            }
          ],
          "timeshiftDuration": "0s"
        }
     },
     {
        "title": "Cloud Composer Database disk usage",
        "xyChart": {
          "dataSets": [
            {
              "timeSeriesQuery": {
                "timeSeriesFilter": {
                  "filter": "resource.type=\"cloud_composer_environment\" AND metric.type=\"composer.googleapis.com/environment/database/disk/bytes_used\"",
                  "aggregation": {
                    "perSeriesAligner": "ALIGN_SUM",
                    "crossSeriesReducer": "REDUCE_MEAN",
                    "groupByFields": [
                      "metric.labels.job_id"
                    ]
                  }
                },
                "unitOverride": "1"
              },
              "plotType": "LINE"
            },
            {
              "timeSeriesQuery": {
                "timeSeriesFilter": {
                  "filter": "resource.type=\"cloud_composer_environment\" AND metric.type=\"composer.googleapis.com/environment/database/disk/quota\"",
                  "aggregation": {
                    "perSeriesAligner": "ALIGN_SUM",
                    "crossSeriesReducer": "REDUCE_MEAN",
                    "groupByFields": [
                      "metric.labels.job_id"
                    ]
                  }
                },
                "unitOverride": "1"
              },
              "plotType": "LINE"
            }
          ],
          "timeshiftDuration": "0s"
        }
     },
     {
        "title": "Cloud Composer Active workers",
        "xyChart": {
          "dataSets": [
            {
              "timeSeriesQuery": {
                "timeSeriesFilter": {
                  "filter": "resource.type=\"cloud_composer_environment\" AND metric.type=\"composer.googleapis.com/environment/num_celery_workers\"",
                  "aggregation": {
                    "perSeriesAligner": "ALIGN_SUM",
                    "crossSeriesReducer": "REDUCE_MEAN",
                    "groupByFields": [
                      "metric.labels.job_id"
                    ]
                  }
                },
                "unitOverride": "1"
              },
              "plotType": "LINE"
            }
          ],
          "timeshiftDuration": "0s"
        }
     },
     {
        "title": "Cloud Composer Worker Pod evictions",
        "xyChart": {
          "dataSets": [
            {
              "timeSeriesQuery": {
                "timeSeriesFilter": {
                  "filter": "resource.type=\"cloud_composer_environment\" AND metric.type=\"composer.googleapis.com/environment/worker/pod_eviction_count\"",
                  "aggregation": {
                    "perSeriesAligner": "ALIGN_SUM",
                    "crossSeriesReducer": "REDUCE_MEAN",
                    "groupByFields": [
                      "metric.labels.job_id"
                    ]
                  }
                },
                "unitOverride": "1"
              },
              "plotType": "LINE"
            }
          ],
          "timeshiftDuration": "0s"
        }
     },
     {
        "title": "Cloud Composer Zombie tasks killed",
        "xyChart": {
          "dataSets": [
            {
              "timeSeriesQuery": {
                "timeSeriesFilter": {
                  "filter": "resource.type=\"cloud_composer_environment\" AND metric.type=\"composer.googleapis.com/environment/zombie_task_killed_count\"",
                  "aggregation": {
                    "perSeriesAligner": "ALIGN_SUM",
                    "crossSeriesReducer": "REDUCE_MEAN",
                    "groupByFields": [
                      "metric.labels.job_id"
                    ]
                  }
                },
                "unitOverride": "1"
              },
              "plotType": "LINE"
            }
          ],
          "timeshiftDuration": "0s"
        }
     },
     {
        "title": "Cloud Composer Completed DAG runs",
        "xyChart": {
          "dataSets": [
            {
              "timeSeriesQuery": {
                "timeSeriesFilter": {
                  "filter": "resource.type=\"cloud_composer_workflow\" AND metric.type=\"composer.googleapis.com/workflow/run_count\" AND metric.label.state=\"success\"",
                  "aggregation": {
                    "perSeriesAligner": "ALIGN_SUM",
                    "crossSeriesReducer": "REDUCE_MEAN",
                    "groupByFields": [
                      "metric.labels.job_id"
                    ]
                  }
                },
                "unitOverride": "1"
              },
              "plotType": "LINE"
            },
            {
              "timeSeriesQuery": {
                "timeSeriesFilter": {
                  "filter": "resource.type=\"cloud_composer_workflow\" AND metric.type=\"composer.googleapis.com/workflow/run_count\" AND metric.label.state=\"failed\"",
                  "aggregation": {
                    "perSeriesAligner": "ALIGN_SUM",
                    "crossSeriesReducer": "REDUCE_MEAN",
                    "groupByFields": [
                      "metric.labels.job_id"
                    ]
                  }
                },
                "unitOverride": "1"
              },
              "plotType": "LINE"
            }
          ],
          "timeshiftDuration": "0s"
        }
     },
     {
        "title": "Cloud Composer Median DAG run duration",
        "xyChart": {
          "dataSets": [
            {
              "timeSeriesQuery": {
                "timeSeriesFilter": {
                  "filter": "resource.type=\"cloud_composer_workflow\" AND metric.type=\"composer.googleapis.com/workflow/run_duration\"",
                  "aggregation": {
                    "perSeriesAligner": "ALIGN_SUM",
                    "crossSeriesReducer": "REDUCE_MEAN",
                    "groupByFields": [
                      "metric.labels.job_id"
                    ]
                  }
                },
                "unitOverride": "1"
              },
              "plotType": "LINE"
            }
          ],
          "timeshiftDuration": "0s"
        }
     },
     {
        "title": "Cloud Composer Completed tasks",
        "xyChart": {
          "dataSets": [
            {
              "timeSeriesQuery": {
                "timeSeriesFilter": {
                  "filter": "resource.type=\"cloud_composer_environment\" AND metric.type=\"composer.googleapis.com/environment/finished_task_instance_count\" AND metric.label.state=\"success\"",
                  "aggregation": {
                    "perSeriesAligner": "ALIGN_SUM",
                    "crossSeriesReducer": "REDUCE_MEAN",
                    "groupByFields": [
                      "metric.labels.job_id"
                    ]
                  }
                },
                "unitOverride": "1"
              },
              "plotType": "LINE"
            },
            {
              "timeSeriesQuery": {
                "timeSeriesFilter": {
                  "filter": "resource.type=\"cloud_composer_environment\" AND metric.type=\"composer.googleapis.com/environment/finished_task_instance_count\" AND metric.label.state=\"failed\"",
                  "aggregation": {
                    "perSeriesAligner": "ALIGN_SUM",
                    "crossSeriesReducer": "REDUCE_MEAN",
                    "groupByFields": [
                      "metric.labels.job_id"
                    ]
                  }
                },
                "unitOverride": "1"
              },
              "plotType": "LINE"
            }
          ],
          "timeshiftDuration": "0s"
        }
     },
     {
        "title": "Cloud Composer Running and queued tasks",
        "xyChart": {
          "dataSets": [
            {
              "timeSeriesQuery": {
                "timeSeriesFilter": {
                  "filter": "resource.type=\"cloud_composer_environment\" AND metric.type=\"composer.googleapis.com/environment/executor/running_tasks\"",
                  "aggregation": {
                    "perSeriesAligner": "ALIGN_SUM",
                    "crossSeriesReducer": "REDUCE_MEAN",
                    "groupByFields": [
                      "metric.labels.job_id"
                    ]
                  }
                },
                "unitOverride": "1"
              },
              "plotType": "LINE"
            },
            {
              "timeSeriesQuery": {
                "timeSeriesFilter": {
                  "filter": "resource.type=\"cloud_composer_environment\" AND metric.type=\"composer.googleapis.com/environment/task_queue_length\"",
                  "aggregation": {
                    "perSeriesAligner": "ALIGN_SUM",
                    "crossSeriesReducer": "REDUCE_MEAN",
                    "groupByFields": [
                      "metric.labels.job_id"
                    ]
                  }
                },
                "unitOverride": "1"
              },
              "plotType": "LINE"
            }
          ],
          "timeshiftDuration": "0s"
        }
     },
     {
        "title": "Cloud Composer DAG bag size",
        "xyChart": {
          "dataSets": [
            {
              "timeSeriesQuery": {
                "timeSeriesFilter": {
                  "filter": "resource.type=\"cloud_composer_environment\" AND metric.type=\"composer.googleapis.com/environment/dagbag_size\"",
                  "aggregation": {
                    "perSeriesAligner": "ALIGN_SUM",
                    "crossSeriesReducer": "REDUCE_MEAN",
                    "groupByFields": [
                      "metric.labels.job_id"
                    ]
                  }
                },
                "unitOverride": "1"
              },
              "plotType": "LINE"
            }
          ],
          "timeshiftDuration": "0s"
        }
     },
     {
        "title": "Cloud Composer Parse error count for DAG files and Total parse time for all DAG files",
        "xyChart": {
          "dataSets": [
            {
              "timeSeriesQuery": {
                "timeSeriesFilter": {
                  "filter": "resource.type=\"cloud_composer_environment\" AND metric.type=\"composer.googleapis.com/environment/dag_processing/parse_error_count\"",
                  "aggregation": {
                    "perSeriesAligner": "ALIGN_SUM",
                    "crossSeriesReducer": "REDUCE_MEAN",
                    "groupByFields": [
                      "metric.labels.job_id"
                    ]
                  }
                },
                "unitOverride": "1"
              },
              "plotType": "LINE"
            },
            {
              "timeSeriesQuery": {
                "timeSeriesFilter": {
                  "filter": "resource.type=\"cloud_composer_environment\" AND metric.type=\"composer.googleapis.com/environment/dag_processing/total_parse_time\"",
                  "aggregation": {
                    "perSeriesAligner": "ALIGN_SUM",
                    "crossSeriesReducer": "REDUCE_MEAN",
                    "groupByFields": [
                      "metric.labels.job_id"
                    ]
                  }
                },
                "unitOverride": "1"
              },
              "plotType": "LINE"
            }
          ],
          "timeshiftDuration": "0s"
        }
     }
    ]
  }
}  

